2.5,5.5,0.0,683.298583984375,source_data
6.5,7.5,0.0,1641.33642578125,source_data
2.5,8.5,0.0,6027.16650390625,source_data
9.5,1.5,0.0,1258.2445068359375,source_data
9.5,1.5,0.0,9871.0869140625,source_data
10.5,3.5,0.0,7321.2802734375,source_data
5.5,1.5,0.0,9893.4111328125,source_data
0.05,0.05,0.5,603.873046875
0.15000000000000002,0.05,0.5,619.1937255859375
0.25,0.05,0.5,635.1611328125
0.35000000000000003,0.05,0.5,651.8161010742188
0.45,0.05,0.5,669.2025146484375
0.55,0.05,0.5,687.3681640625
0.6500000000000001,0.05,0.5,706.3646850585938
0.7500000000000001,0.05,0.5,726.2481689453125
0.8500000000000001,0.05,0.5,747.0794067382812
0.9500000000000001,0.05,0.5,768.9246215820312
1.05,0.05,0.5,791.8558959960938
1.1500000000000001,0.05,0.5,815.9515991210938
1.2500000000000002,0.05,0.5,841.2971801757812
1.35,0.05,0.5,867.9859008789062
1.4500000000000002,0.05,0.5,896.11962890625
1.55,0.05,0.5,925.8095092773438
1.6500000000000001,0.05,0.5,957.1771240234375
1.7500000000000002,0.05,0.5,990.3556518554688
1.85,0.05,0.5,1025.490478515625
1.9500000000000002,0.05,0.5,1062.7413330078125
2.05,0.05,0.5,1102.28271484375
2.15,0.05,0.5,1144.3060302734375
2.25,0.05,0.5,1189.0208740234375
2.35,0.05,0.5,1236.65673828125
2.45,0.05,0.5,1287.4649658203125
2.55,0.05,0.5,1341.7198486328125
2.65,0.05,0.5,1399.7213134765625
2.75,0.05,0.5,1461.7960205078125
2.85,0.05,0.5,1528.298583984375
2.95,0.05,0.5,1599.613037109375
3.05,0.05,0.5,1676.1529541015625
3.15,0.05,0.5,1758.36083984375
3.25,0.05,0.5,1846.70654296875
3.35,0.05,0.5,1941.6826171875
3.45,0.05,0.5,2043.7984619140625
3.55,0.05,0.5,2153.569580078125
3.65,0.05,0.5,2271.50244140625
3.75,0.05,0.5,2398.072998046875
3.85,0.05,0.5,2533.697265625
3.95,0.05,0.5,2678.691650390625
4.05,0.05,0.5,2833.2216796875
4.15,0.05,0.5,2997.23681640625
4.25,0.05,0.5,3170.392578125
4.35,0.05,0.5,3351.957763671875
4.45,0.05,0.5,3540.7138671875
4.55,0.05,0.5,3734.8515625
4.65,0.05,0.5,3931.88037109375
4.75,0.05,0.5,4128.568359375
4.8500000000000005,0.05,0.5,4320.9384765625
4.95,0.05,0.5,4504.3466796875
5.05,0.05,0.5,4673.669921875
5.15,0.05,0.5,4823.607421875
5.25,0.05,0.5,4949.09033203125
5.3500000000000005,0.05,0.5,5045.755859375
5.45,0.05,0.5,5110.4150390625
5.55,0.05,0.5,5141.43505859375
5.65,0.05,0.5,5138.95068359375
5.75,0.05,0.5,5104.8681640625
5.8500000000000005,0.05,0.5,5042.65087890625
5.95,0.05,0.5,4956.943359375
6.05,0.05,0.5,4853.10302734375
6.15,0.05,0.5,4736.7294921875
6.25,0.05,0.5,4613.2587890625
6.3500000000000005,0.05,0.5,4487.66015625
6.45,0.05,0.5,4364.255859375
6.55,0.05,0.5,4246.640625
6.65,0.05,0.5,4137.69140625
6.75,0.05,0.5,4039.626220703125
6.8500000000000005,0.05,0.5,3954.10009765625
6.95,0.05,0.5,3882.30615234375
7.05,0.05,0.5,3825.078857421875
7.15,0.05,0.5,3782.9853515625
7.25,0.05,0.5,3756.401611328125
7.3500000000000005,0.05,0.5,3745.5732421875
7.45,0.05,0.5,3750.657958984375
7.55,0.05,0.5,3771.75537109375
7.65,0.05,0.5,3808.9169921875
7.75,0.05,0.5,3862.145263671875
7.8500000000000005,0.05,0.5,3931.37353515625
7.95,0.05,0.5,4016.43310546875
8.05,0.05,0.5,4117.0
8.15,0.05,0.5,4232.52783203125
8.250000000000002,0.05,0.5,4362.1591796875
8.350000000000001,0.05,0.5,4504.6220703125
8.450000000000001,0.05,0.5,4658.1162109375
8.55,0.05,0.5,4820.19677734375
8.65,0.05,0.5,4987.6669921875
8.750000000000002,0.05,0.5,5156.51220703125
8.850000000000001,0.05,0.5,5321.8916015625
8.950000000000001,0.05,0.5,5478.22509765625
9.05,0.05,0.5,5619.40185546875
9.15,0.05,0.5,5739.11767578125
9.250000000000002,0.05,0.5,5831.333984375
9.350000000000001,0.05,0.5,5890.81005859375
9.450000000000001,0.05,0.5,5913.6279296875
9.55,0.05,0.5,5897.6181640625
9.650000000000002,0.05,0.5,5842.6015625
9.750000000000002,0.05,0.5,5750.388671875
9.850000000000001,0.05,0.5,5624.53857421875
9.950000000000001,0.05,0.5,5469.9345703125
10.05,0.05,0.5,5292.25732421875
10.150000000000002,0.05,0.5,5097.451171875
10.250000000000002,0.05,0.5,4891.26953125
10.350000000000001,0.05,0.5,4678.93017578125
10.450000000000001,0.05,0.5,4464.91064453125
10.55,0.05,0.5,4252.857421875
10.650000000000002,0.05,0.5,4045.591064453125
10.750000000000002,0.05,0.5,3845.1748046875
10.850000000000001,0.05,0.5,3653.015869140625
10.950000000000001,0.05,0.5,3469.98046875
11.05,0.05,0.5,3296.508056640625
11.150000000000002,0.05,0.5,3132.713134765625
11.250000000000002,0.05,0.5,2978.473388671875
11.350000000000001,0.05,0.5,2833.501220703125
11.450000000000001,0.05,0.5,2697.40087890625
11.55,0.05,0.5,2569.7109375
11.650000000000002,0.05,0.5,2449.937255859375
11.750000000000002,0.05,0.5,2337.57568359375
11.850000000000001,0.05,0.5,2232.128662109375
11.950000000000001,0.05,0.5,2133.115234375
12.05,0.05,0.5,2040.0777587890625
12.150000000000002,0.05,0.5,1952.5865478515625
12.250000000000002,0.05,0.5,1870.24072265625
12.350000000000001,0.05,0.5,1792.6688232421875
12.450000000000001,0.05,0.5,1719.5277099609375
12.55,0.05,0.5,1650.501953125
12.650000000000002,0.05,0.5,1585.301513671875
12.750000000000002,0.05,0.5,1523.6600341796875
12.850000000000001,0.05,0.5,1465.333251953125
12.950000000000001,0.05,0.5,1410.09716796875
13.05,0.05,0.5,1357.74560546875
13.150000000000002,0.05,0.5,1308.08935546875
13.250000000000002,0.05,0.5,1260.954345703125
13.350000000000001,0.05,0.5,1216.1800537109375
13.450000000000001,0.05,0.5,1173.6185302734375
13.55,0.05,0.5,1133.133056640625
13.650000000000002,0.05,0.5,1094.5970458984375
13.750000000000002,0.05,0.5,1057.8934326171875
13.850000000000001,0.05,0.5,1022.9136962890625
13.950000000000001,0.05,0.5,989.5568237304688
0.05,0.15000000000000002,0.5,609.869873046875
0.15000000000000002,0.15000000000000002,0.5,625.4570922851562
0.25,0.15000000000000002,0.5,641.7094116210938
0.35000000000000003,0.15000000000000002,0.5,658.6693115234375
0.45,0.15000000000000002,0.5,676.3829345703125
0.55,0.15000000000000002,0.5,694.9002685546875
0.6500000000000001,0.15000000000000002,0.5,714.2756958007812
0.7500000000000001,0.15000000000000002,0.5,734.568115234375
0.8500000000000001,0.15000000000000002,0.5,755.8419799804688
0.9500000000000001,0.15000000000000002,0.5,778.167236328125
1.05,0.15000000000000002,0.5,801.6203002929688
1.1500000000000001,0.15000000000000002,0.5,826.2846069335938
1.2500000000000002,0.15000000000000002,0.5,852.2513427734375
1.35,0.15000000000000002,0.5,879.6203002929688
1.4500000000000002,0.15000000000000002,0.5,908.500732421875
1.55,0.15000000000000002,0.5,939.0125122070312
1.6500000000000001,0.15000000000000002,0.5,971.2870483398438
1.7500000000000002,0.15000000000000002,0.5,1005.4688720703125
1.85,0.15000000000000002,0.5,1041.7166748046875
1.9500000000000002,0.15000000000000002,0.5,1080.2052001953125
2.05,0.15000000000000002,0.5,1121.12646484375
2.15,0.15000000000000002,0.5,1164.6925048828125
2.25,0.15000000000000002,0.5,1211.1365966796875
2.35,0.15000000000000002,0.5,1260.7156982421875
2.45,0.15000000000000002,0.5,1313.7132568359375
2.55,0.15000000000000002,0.5,1370.4412841796875
2.65,0.15000000000000002,0.5,1431.243408203125
2.75,0.15000000000000002,0.5,1496.4974365234375
2.85,0.15000000000000002,0.5,1566.617919921875
2.95,0.15000000000000002,0.5,1642.058837890625
3.05,0.15000000000000002,0.5,1723.315673828125
3.15,0.15000000000000002,0.5,1810.92626953125
3.25,0.15000000000000002,0.5,1905.471435546875
3.35,0.15000000000000002,0.5,2007.572998046875
3.45,0.15000000000000002,0.5,2117.88916015625
3.55,0.15000000000000002,0.5,2237.10595703125
3.65,0.15000000000000002,0.5,2365.92431640625
3.75,0.15000000000000002,0.5,2505.037353515625
3.85,0.15000000000000002,0.5,2655.100830078125
3.95,0.15000000000000002,0.5,2816.688720703125
4.05,0.15000000000000002,0.5,2990.2333984375
4.15,0.15000000000000002,0.5,3175.94580078125
4.25,0.15000000000000002,0.5,3373.7158203125
4.35,0.15000000000000002,0.5,3582.98583984375
4.45,0.15000000000000002,0.5,3802.60546875
4.55,0.15000000000000002,0.5,4030.672607421875
4.65,0.15000000000000002,0.5,4264.3759765625
4.75,0.15000000000000002,0.5,4499.86767578125
4.8500000000000005,0.15000000000000002,0.5,4732.2001953125
4.95,0.15000000000000002,0.5,4955.3798828125
5.05,0.15000000000000002,0.5,5162.5751953125
5.15,0.15000000000000002,0.5,5346.51953125
5.25,0.15000000000000002,0.5,5500.095703125
5.3500000000000005,0.15000000000000002,0.5,5617.05419921875
5.45,0.15000000000000002,0.5,5692.75048828125
5.55,0.15000000000000002,0.5,5724.76220703125
5.65,0.15000000000000002,0.5,5713.23583984375
5.75,0.15000000000000002,0.5,5660.890625
5.8500000000000005,0.15000000000000002,0.5,5572.67138671875
5.95,0.15000000000000002,0.5,5455.13427734375
6.05,0.15000000000000002,0.5,5315.71240234375
6.15,0.15000000000000002,0.5,5162.0029296875
6.25,0.15000000000000002,0.5,5001.1806640625
6.3500000000000005,0.15000000000000002,0.5,4839.603515625
6.45,0.15000000000000002,0.5,4682.6044921875
6.55,0.15000000000000002,0.5,4534.44189453125
6.65,0.15000000000000002,0.5,4398.36572265625
6.75,0.15000000000000002,0.5,4276.75
6.8500000000000005,0.15000000000000002,0.5,4171.2509765625
6.95,0.15000000000000002,0.5,4082.97021484375
7.05,0.15000000000000002,0.5,4012.603759765625
7.15,0.15000000000000002,0.5,3960.56640625
7.25,0.15000000000000002,0.5,3927.0947265625
7.3500000000000005,0.15000000000000002,0.5,3912.323486328125
7.45,0.15000000000000002,0.5,3916.340087890625
7.55,0.15000000000000002,0.5,3939.2197265625
7.65,0.15000000000000002,0.5,3981.038818359375
7.75,0.15000000000000002,0.5,4041.8740234375
7.8500000000000005,0.15000000000000002,0.5,4121.779296875
7.95,0.15000000000000002,0.5,4220.74560546875
8.05,0.15000000000000002,0.5,4338.6376953125
8.15,0.15000000000000002,0.5,4475.1044921875
8.250000000000002,0.15000000000000002,0.5,4629.4677734375
8.350000000000001,0.15000000000000002,0.5,4800.57666015625
8.450000000000001,0.15000000000000002,0.5,4986.6435546875
8.55,0.15000000000000002,0.5,5185.0615234375
8.65,0.15000000000000002,0.5,5392.22216796875
8.750000000000002,0.15000000000000002,0.5,5603.3720703125
8.850000000000001,0.15000000000000002,0.5,5812.53662109375
8.950000000000001,0.15000000000000002,0.5,6012.57861328125
9.05,0.15000000000000002,0.5,6195.4287109375
9.15,0.15000000000000002,0.5,6352.53564453125
9.250000000000002,0.15000000000000002,0.5,6475.5234375
9.350000000000001,0.15000000000000002,0.5,6556.99462890625
9.450000000000001,0.15000000000000002,0.5,6591.36181640625
9.55,0.15000000000000002,0.5,6575.533203125
9.650000000000002,0.15000000000000002,0.5,6509.310546875
9.750000000000002,0.15000000000000002,0.5,6395.38427734375
9.850000000000001,0.15000000000000002,0.5,6238.94384765625
9.950000000000001,0.15000000000000002,0.5,6046.98779296875
10.05,0.15000000000000002,0.5,5827.49267578125
10.150000000000002,0.15000000000000002,0.5,5588.611328125
10.250000000000002,0.15000000000000002,0.5,5338.01123046875
10.350000000000001,0.15000000000000002,0.5,5082.42724609375
10.450000000000001,0.15000000000000002,0.5,4827.42529296875
10.55,0.15000000000000002,0.5,4577.34375
10.650000000000002,0.15000000000000002,0.5,4335.36669921875
10.750000000000002,0.15000000000000002,0.5,4103.6640625
10.850000000000001,0.15000000000000002,0.5,3883.5703125
10.950000000000001,0.15000000000000002,0.5,3675.763427734375
11.05,0.15000000000000002,0.5,3480.4267578125
11.150000000000002,0.15000000000000002,0.5,3297.3896484375
11.250000000000002,0.15000000000000002,0.5,3126.23876953125
11.350000000000001,0.15000000000000002,0.5,2966.40771484375
11.450000000000001,0.15000000000000002,0.5,2817.241943359375
11.55,0.15000000000000002,0.5,2678.04638671875
11.650000000000002,0.15000000000000002,0.5,2548.119873046875
11.750000000000002,0.15000000000000002,0.5,2426.776611328125
11.850000000000001,0.15000000000000002,0.5,2313.362060546875
11.950000000000001,0.15000000000000002,0.5,2207.260009765625
12.05,0.15000000000000002,0.5,2107.896728515625
12.150000000000002,0.15000000000000002,0.5,2014.74365234375
12.250000000000002,0.15000000000000002,0.5,1927.31494140625
12.350000000000001,0.15000000000000002,0.5,1845.1668701171875
12.450000000000001,0.15000000000000002,0.5,1767.8948974609375
12.55,0.15000000000000002,0.5,1695.13037109375
12.650000000000002,0.15000000000000002,0.5,1626.5379638671875
12.750000000000002,0.15000000000000002,0.5,1561.8125
12.850000000000001,0.15000000000000002,0.5,1500.67578125
12.950000000000001,0.15000000000000002,0.5,1442.8746337890625
13.05,0.15000000000000002,0.5,1388.177490234375
13.150000000000002,0.15000000000000002,0.5,1336.3729248046875
13.250000000000002,0.15000000000000002,0.5,1287.267333984375
13.350000000000001,0.15000000000000002,0.5,1240.6829833984375
13.450000000000001,0.15000000000000002,0.5,1196.456787109375
13.55,0.15000000000000002,0.5,1154.4383544921875
13.650000000000002,0.15000000000000002,0.5,1114.489501953125
13.750000000000002,0.15000000000000002,0.5,1076.4820556640625
13.850000000000001,0.15000000000000002,0.5,1040.298095703125
13.950000000000001,0.15000000000000002,0.5,1005.8278198242188
0.05,0.25,0.5,615.7706909179688
0.15000000000000002,0.25,0.5,631.6170043945312
0.25,0.25,0.5,648.1459350585938
0.35000000000000003,0.25,0.5,665.40185546875
0.45,0.25,0.5,683.4329223632812
0.55,0.25,0.5,702.2913818359375
0.6500000000000001,0.25,0.5,722.0341186523438
0.7500000000000001,0.25,0.5,742.7232055664062
0.8500000000000001,0.25,0.5,764.4262084960938
0.9500000000000001,0.25,0.5,787.2169799804688
1.05,0.25,0.5,811.1762084960938
1.1500000000000001,0.25,0.5,836.3923950195312
1.2500000000000002,0.25,0.5,862.9623413085938
1.35,0.25,0.5,890.992431640625
1.4500000000000002,0.25,0.5,920.5993041992188
1.55,0.25,0.5,951.9115600585938
1.6500000000000001,0.25,0.5,985.0706787109375
1.7500000000000002,0.25,0.5,1020.2325439453125
1.85,0.25,0.5,1057.5693359375
1.9500000000000002,0.25,0.5,1097.2713623046875
2.05,0.25,0.5,1139.548828125
2.15,0.25,0.5,1184.6346435546875
2.25,0.25,0.5,1232.786865234375
2.35,0.25,0.5,1284.29150390625
2.45,0.25,0.5,1339.465576171875
2.55,0.25,0.5,1398.6612548828125
2.65,0.25,0.5,1462.2689208984375
2.75,0.25,0.5,1530.7215576171875
2.85,0.25,0.5,1604.4991455078125
2.95,0.25,0.5,1684.132568359375
3.05,0.25,0.5,1770.2083740234375
3.15,0.25,0.5,1863.3721923828125
3.25,0.25,0.5,1964.331787109375
3.35,0.25,0.5,2073.8583984375
3.45,0.25,0.5,2192.7861328125
3.55,0.25,0.5,2322.006591796875
3.65,0.25,0.5,2462.458984375
3.75,0.25,0.5,2615.110595703125
3.85,0.25,0.5,2780.9287109375
3.95,0.25,0.5,2960.832763671875
4.05,0.25,0.5,3155.630615234375
4.15,0.25,0.5,3365.92333984375
4.25,0.25,0.5,3591.981201171875
4.35,0.25,0.5,3833.580322265625
4.45,0.25,0.5,4089.798583984375
4.55,0.25,0.5,4358.77978515625
4.65,0.25,0.5,4637.47509765625
4.75,0.25,0.5,4921.40576171875
4.8500000000000005,0.25,0.5,5204.48779296875
4.95,0.25,0.5,5479.01025390625
5.05,0.25,0.5,5735.84033203125
5.15,0.25,0.5,5964.93408203125
5.25,0.25,0.5,6156.173828125
5.3500000000000005,0.25,0.5,6300.46875
5.45,0.25,0.5,6390.93603515625
5.55,0.25,0.5,6423.91845703125
5.65,0.25,0.5,6399.5751953125
5.75,0.25,0.5,6321.8837890625
5.8500000000000005,0.25,0.5,6198.05224609375
5.95,0.25,0.5,6037.5048828125
6.05,0.25,0.5,5850.70458984375
6.15,0.25,0.5,5648.05419921875
6.25,0.25,0.5,5439.06689453125
6.3500000000000005,0.25,0.5,5231.85498046875
6.45,0.25,0.5,5032.9306640625
6.55,0.25,0.5,4847.23388671875
6.65,0.25,0.5,4678.3095703125
6.75,0.25,0.5,4528.55078125
6.8500000000000005,0.25,0.5,4399.46337890625
6.95,0.25,0.5,4291.90576171875
7.05,0.25,0.5,4206.29833984375
7.15,0.25,0.5,4142.78955078125
7.25,0.25,0.5,4101.38671875
7.3500000000000005,0.25,0.5,4082.04931640625
7.45,0.25,0.5,4084.752685546875
7.55,0.25,0.5,4109.5302734375
7.65,0.25,0.5,4156.4892578125
7.75,0.25,0.5,4225.810546875
7.8500000000000005,0.25,0.5,4317.72265625
7.95,0.25,0.5,4432.455078125
8.05,0.25,0.5,4570.166015625
8.15,0.25,0.5,4730.83447265625
8.250000000000002,0.25,0.5,4914.11669921875
8.350000000000001,0.25,0.5,5119.15576171875
8.450000000000001,0.25,0.5,5344.3515625
8.55,0.25,0.5,5587.0859375
8.65,0.25,0.5,5843.43115234375
8.750000000000002,0.25,0.5,6107.8740234375
8.850000000000001,0.25,0.5,6373.1181640625
8.950000000000001,0.25,0.5,6630.05322265625
9.05,0.25,0.5,6867.98193359375
9.15,0.25,0.5,7075.1923828125
9.250000000000002,0.25,0.5,7239.89794921875
9.350000000000001,0.25,0.5,7351.4697265625
9.450000000000001,0.25,0.5,7401.765625
9.55,0.25,0.5,7386.27197265625
9.650000000000002,0.25,0.5,7304.7666015625
9.750000000000002,0.25,0.5,7161.31982421875
9.850000000000001,0.25,0.5,6963.62939453125
9.950000000000001,0.25,0.5,6721.8818359375
10.05,0.25,0.5,6447.42041015625
10.150000000000002,0.25,0.5,6151.5126953125
10.250000000000002,0.25,0.5,5844.41064453125
10.350000000000001,0.25,0.5,5534.775390625
10.450000000000001,0.25,0.5,5229.4482421875
10.55,0.25,0.5,4933.4775390625
10.650000000000002,0.25,0.5,4650.31396484375
10.750000000000002,0.25,0.5,4382.0810546875
10.850000000000001,0.25,0.5,4129.86083984375
10.950000000000001,0.25,0.5,3893.96435546875
11.05,0.25,0.5,3674.15478515625
11.150000000000002,0.25,0.5,3469.83349609375
11.250000000000002,0.25,0.5,3280.177490234375
11.350000000000001,0.25,0.5,3104.2431640625
11.450000000000001,0.25,0.5,2941.03857421875
11.55,0.25,0.5,2789.57373046875
11.650000000000002,0.25,0.5,2648.89208984375
11.750000000000002,0.25,0.5,2518.08984375
11.850000000000001,0.25,0.5,2396.326171875
11.950000000000001,0.25,0.5,2282.82763671875
12.05,0.25,0.5,2176.888916015625
12.150000000000002,0.25,0.5,2077.86865234375
12.250000000000002,0.25,0.5,1985.1873779296875
12.350000000000001,0.25,0.5,1898.3216552734375
12.450000000000001,0.25,0.5,1816.7996826171875
12.55,0.25,0.5,1740.1956787109375
12.650000000000002,0.25,0.5,1668.125732421875
12.750000000000002,0.25,0.5,1600.2427978515625
12.850000000000001,0.25,0.5,1536.2335205078125
12.950000000000001,0.25,0.5,1475.813232421875
13.05,0.25,0.5,1418.72412109375
13.150000000000002,0.25,0.5,1364.731201171875
13.250000000000002,0.25,0.5,1313.62060546875
13.350000000000001,0.25,0.5,1265.1966552734375
13.450000000000001,0.25,0.5,1219.280517578125
13.55,0.25,0.5,1175.707763671875
13.650000000000002,0.25,0.5,1134.32763671875
13.750000000000002,0.25,0.5,1095.001220703125
13.850000000000001,0.25,0.5,1057.60009765625
13.950000000000001,0.25,0.5,1022.0059204101562
0.05,0.35000000000000003,0.5,621.5700073242188
0.15000000000000002,0.35000000000000003,0.5,637.6669921875
0.25,0.35000000000000003,0.5,654.4634399414062
0.35000000000000003,0.35000000000000003,0.5,672.0054321289062
0.45,0.35000000000000003,0.5,690.343017578125
0.55,0.35000000000000003,0.5,709.5306396484375
0.6500000000000001,0.35000000000000003,0.5,729.6278686523438
0.7500000000000001,0.35000000000000003,0.5,750.6994018554688
0.8500000000000001,0.35000000000000003,0.5,772.8161010742188
0.9500000000000001,0.35000000000000003,0.5,796.0556640625
1.05,0.35000000000000003,0.5,820.5029296875
1.1500000000000001,0.35000000000000003,0.5,846.251220703125
1.2500000000000002,0.35000000000000003,0.5,873.4030151367188
1.35,0.35000000000000003,0.5,902.0711059570312
1.4500000000000002,0.35000000000000003,0.5,932.379638671875
1.55,0.35000000000000003,0.5,964.4656982421875
1.6500000000000001,0.35000000000000003,0.5,998.4807739257812
1.7500000000000002,0.35000000000000003,0.5,1034.5924072265625
1.85,0.35000000000000003,0.5,1072.9862060546875
1.9500000000000002,0.35000000000000003,0.5,1113.8680419921875
2.05,0.35000000000000003,0.5,1157.466796875
2.15,0.35000000000000003,0.5,1204.036865234375
2.25,0.35000000000000003,0.5,1253.861572265625
2.35,0.35000000000000003,0.5,1307.2568359375
2.45,0.35000000000000003,0.5,1364.574951171875
2.55,0.35000000000000003,0.5,1426.209716796875
2.65,0.35000000000000003,0.5,1492.60107421875
2.75,0.35000000000000003,0.5,1564.24072265625
2.85,0.35000000000000003,0.5,1641.678955078125
2.95,0.35000000000000003,0.5,1725.530029296875
3.05,0.35000000000000003,0.5,1816.4803466796875
3.15,0.35000000000000003,0.5,1915.2947998046875
3.25,0.35000000000000003,0.5,2022.8240966796875
3.35,0.35000000000000003,0.5,2140.010009765625
3.45,0.35000000000000003,0.5,2267.890380859375
3.55,0.35000000000000003,0.5,2407.59912109375
3.65,0.35000000000000003,0.5,2560.363037109375
3.75,0.35000000000000003,0.5,2727.487548828125
3.85,0.35000000000000003,0.5,2910.333984375
3.95,0.35000000000000003,0.5,3110.275634765625
4.05,0.35000000000000003,0.5,3328.62939453125
4.15,0.35000000000000003,0.5,3566.554443359375
4.25,0.35000000000000003,0.5,3824.9033203125
4.35,0.35000000000000003,0.5,4104.01708984375
4.45,0.35000000000000003,0.5,4403.45458984375
4.55,0.35000000000000003,0.5,4721.6494140625
4.65,0.35000000000000003,0.5,5055.51416015625
4.75,0.35000000000000003,0.5,5400.01953125
4.8500000000000005,0.35000000000000003,0.5,5747.82861328125
4.95,0.35000000000000003,0.5,6089.1015625
5.05,0.35000000000000003,0.5,6411.6259765625
5.15,0.35000000000000003,0.5,6701.42578125
5.25,0.35000000000000003,0.5,6943.9453125
5.3500000000000005,0.35000000000000003,0.5,7125.73974609375
5.45,0.35000000000000003,0.5,7236.4130859375
5.55,0.35000000000000003,0.5,7270.3388671875
5.65,0.35000000000000003,0.5,7227.68994140625
5.75,0.35000000000000003,0.5,7114.43505859375
5.8500000000000005,0.35000000000000003,0.5,6941.322265625
5.95,0.35000000000000003,0.5,6722.15576171875
6.05,0.35000000000000003,0.5,6471.865234375
6.15,0.35000000000000003,0.5,6204.818359375
6.25,0.35000000000000003,0.5,5933.64111328125
6.3500000000000005,0.35000000000000003,0.5,5668.615234375
6.45,0.35000000000000003,0.5,5417.5517578125
6.55,0.35000000000000003,0.5,5185.99169921875
6.65,0.35000000000000003,0.5,4977.57958984375
6.75,0.35000000000000003,0.5,4794.4892578125
6.8500000000000005,0.35000000000000003,0.5,4637.828125
6.95,0.35000000000000003,0.5,4507.9873046875
7.05,0.35000000000000003,0.5,4404.92041015625
7.15,0.35000000000000003,0.5,4328.3564453125
7.25,0.35000000000000003,0.5,4277.955078125
7.3500000000000005,0.35000000000000003,0.5,4253.4169921875
7.45,0.35000000000000003,0.5,4254.55615234375
7.55,0.35000000000000003,0.5,4281.3408203125
7.65,0.35000000000000003,0.5,4333.9169921875
7.75,0.35000000000000003,0.5,4412.603515625
7.8500000000000005,0.35000000000000003,0.5,4517.86962890625
7.95,0.35000000000000003,0.5,4650.2841796875
8.05,0.35000000000000003,0.5,4810.43505859375
8.15,0.35000000000000003,0.5,4998.80810546875
8.250000000000002,0.35000000000000003,0.5,5215.61181640625
8.350000000000001,0.35000000000000003,0.5,5460.53857421875
8.450000000000001,0.35000000000000003,0.5,5732.45361328125
8.55,0.35000000000000003,0.5,6029.00146484375
8.65,0.35000000000000003,0.5,6346.15234375
8.750000000000002,0.35000000000000003,0.5,6677.724609375
8.850000000000001,0.35000000000000003,0.5,7014.96484375
8.950000000000001,0.35000000000000003,0.5,7346.326171875
9.05,0.35000000000000003,0.5,7657.60693359375
9.15,0.35000000000000003,0.5,7932.63330078125
9.250000000000002,0.35000000000000003,0.5,8154.58837890625
9.350000000000001,0.35000000000000003,0.5,8307.9091796875
9.450000000000001,0.35000000000000003,0.5,8380.4619140625
9.55,0.35000000000000003,0.5,8365.484375
9.650000000000002,0.35000000000000003,0.5,8262.7265625
9.750000000000002,0.35000000000000003,0.5,8078.46240234375
9.850000000000001,0.35000000000000003,0.5,7824.33154296875
9.950000000000001,0.35000000000000003,0.5,7515.404296875
10.05,0.35000000000000003,0.5,7168.00634765625
10.150000000000002,0.35000000000000003,0.5,6797.81982421875
10.250000000000002,0.35000000000000003,0.5,6418.5517578125
10.350000000000001,0.35000000000000003,0.5,6041.251953125
10.450000000000001,0.35000000000000003,0.5,5674.16796875
10.55,0.35000000000000003,0.5,5322.9658203125
10.650000000000002,0.35000000000000003,0.5,4991.1416015625
10.750000000000002,0.35000000000000003,0.5,4680.4951171875
10.850000000000001,0.35000000000000003,0.5,4391.5751953125
10.950000000000001,0.35000000000000003,0.5,4124.0654296875
11.05,0.35000000000000003,0.5,3877.08544921875
11.150000000000002,0.35000000000000003,0.5,3649.421875
11.250000000000002,0.35000000000000003,0.5,3439.692138671875
11.350000000000001,0.35000000000000003,0.5,3246.45751953125
11.450000000000001,0.35000000000000003,0.5,3068.298583984375
11.55,0.35000000000000003,0.5,2903.8603515625
11.650000000000002,0.35000000000000003,0.5,2751.87841796875
11.750000000000002,0.35000000000000003,0.5,2611.190673828125
11.850000000000001,0.35000000000000003,0.5,2480.741455078125
11.950000000000001,0.35000000000000003,0.5,2359.578369140625
12.05,0.35000000000000003,0.5,2246.84716796875
12.150000000000002,0.35000000000000003,0.5,2141.782958984375
12.250000000000002,0.35000000000000003,0.5,2043.7030029296875
12.350000000000001,0.35000000000000003,0.5,1951.997802734375
12.450000000000001,0.35000000000000003,0.5,1866.123046875
12.55,0.35000000000000003,0.5,1785.592529296875
12.650000000000002,0.35000000000000003,0.5,1709.970703125
12.750000000000002,0.35000000000000003,0.5,1638.8668212890625
12.850000000000001,0.35000000000000003,0.5,1571.929931640625
12.950000000000001,0.35000000000000003,0.5,1508.8436279296875
13.05,0.35000000000000003,0.5,1449.322021484375
13.150000000000002,0.35000000000000003,0.5,1393.10595703125
13.250000000000002,0.35000000000000003,0.5,1339.9605712890625
13.350000000000001,0.35000000000000003,0.5,1289.6717529296875
13.450000000000001,0.35000000000000003,0.5,1242.0440673828125
13.55,0.35000000000000003,0.5,1196.8988037109375
13.650000000000002,0.35000000000000003,0.5,1154.072265625
13.750000000000002,0.35000000000000003,0.5,1113.4139404296875
13.850000000000001,0.35000000000000003,0.5,1074.7855224609375
13.950000000000001,0.35000000000000003,0.5,1038.05908203125
0.05,0.45,0.5,627.2626953125
0.15000000000000002,0.45,0.5,643.6012573242188
0.25,0.45,0.5,660.6552734375
0.35000000000000003,0.45,0.5,678.472412109375
0.45,0.45,0.5,697.1045532226562
0.55,0.45,0.5,716.6082763671875
0.6500000000000001,0.45,0.5,737.0454711914062
0.7500000000000001,0.45,0.5,758.483642578125
0.8500000000000001,0.45,0.5,780.9967651367188
0.9500000000000001,0.45,0.5,804.6660766601562
1.05,0.45,0.5,829.58056640625
1.1500000000000001,0.45,0.5,855.8382568359375
1.2500000000000002,0.45,0.5,883.547119140625
1.35,0.45,0.5,912.8260498046875
1.4500000000000002,0.45,0.5,943.8067016601562
1.55,0.45,0.5,976.6345825195312
1.6500000000000001,0.45,0.5,1011.4708862304688
1.7500000000000002,0.45,0.5,1048.49462890625
1.85,0.45,0.5,1087.9049072265625
1.9500000000000002,0.45,0.5,1129.92333984375
2.05,0.45,0.5,1174.797119140625
2.15,0.45,0.5,1222.80224609375
2.25,0.45,0.5,1274.248046875
2.35,0.45,0.5,1329.48046875
2.45,0.45,0.5,1388.888427734375
2.55,0.45,0.5,1452.9083251953125
2.65,0.45,0.5,1522.03173828125
2.75,0.45,0.5,1596.8121337890625
2.85,0.45,0.5,1677.8734130859375
2.95,0.45,0.5,1765.9193115234375
3.05,0.45,0.5,1861.7435302734375
3.15,0.45,0.5,1966.2412109375
3.25,0.45,0.5,2080.42041015625
3.35,0.45,0.5,2205.4140625
3.45,0.45,0.5,2342.490966796875
3.55,0.45,0.5,2493.065673828125
3.65,0.45,0.5,2658.703369140625
3.75,0.45,0.5,2841.117919921875
3.85,0.45,0.5,3042.157958984375
3.95,0.45,0.5,3263.7734375
4.05,0.45,0.5,3507.954833984375
4.15,0.45,0.5,3776.629150390625
4.25,0.45,0.5,4071.49609375
4.35,0.45,0.5,4393.78662109375
4.45,0.45,0.5,4743.91357421875
4.55,0.45,0.5,5121.0068359375
4.65,0.45,0.5,5522.31982421875
4.75,0.45,0.5,5942.54052734375
4.8500000000000005,0.45,0.5,6373.0966796875
4.95,0.45,0.5,6801.625
5.05,0.45,0.5,7211.861328125
5.15,0.45,0.5,7584.2734375
5.25,0.45,0.5,7897.67822265625
5.3500000000000005,0.45,0.5,8131.8603515625
5.45,0.45,0.5,8270.7900390625
5.55,0.45,0.5,8305.626953125
5.65,0.45,0.5,8236.5537109375
5.75,0.45,0.5,8072.77978515625
5.8500000000000005,0.45,0.5,7830.71240234375
5.95,0.45,0.5,7530.953125
6.05,0.45,0.5,7195.0869140625
6.15,0.45,0.5,6843.0703125
6.25,0.45,0.5,6491.61572265625
6.3500000000000005,0.45,0.5,6153.5703125
6.45,0.45,0.5,5838.0244140625
6.55,0.45,0.5,5550.85693359375
6.65,0.45,0.5,5295.43310546875
6.75,0.45,0.5,5073.30615234375
6.8500000000000005,0.45,0.5,4884.81494140625
6.95,0.45,0.5,4729.56591796875
7.05,0.45,0.5,4606.78955078125
7.15,0.45,0.5,4515.5966796875
7.25,0.45,0.5,4455.15478515625
7.3500000000000005,0.45,0.5,4424.80517578125
7.45,0.45,0.5,4424.13671875
7.55,0.45,0.5,4453.02783203125
7.65,0.45,0.5,4511.6689453125
7.75,0.45,0.5,4600.55859375
7.8500000000000005,0.45,0.5,4720.48388671875
7.95,0.45,0.5,4872.47265625
8.05,0.45,0.5,5057.712890625
8.15,0.45,0.5,5277.4228515625
8.250000000000002,0.45,0.5,5532.654296875
8.350000000000001,0.45,0.5,5824.00830078125
8.450000000000001,0.45,0.5,6151.23388671875
8.55,0.45,0.5,6512.689453125
8.65,0.45,0.5,6904.6708984375
8.750000000000002,0.45,0.5,7320.6259765625
8.850000000000001,0.45,0.5,7750.36474609375
8.950000000000001,0.45,0.5,8179.45703125
9.05,0.45,0.5,8589.1025390625
9.15,0.45,0.5,8956.837890625
9.250000000000002,0.45,0.5,9258.349609375
9.350000000000001,0.45,0.5,9470.421875
9.450000000000001,0.45,0.5,9574.54296875
9.55,0.45,0.5,9560.29296875
9.650000000000002,0.45,0.5,9427.3955078125
9.750000000000002,0.45,0.5,9185.7265625
9.850000000000001,0.45,0.5,8853.248046875
9.950000000000001,0.45,0.5,8452.6318359375
10.05,0.45,0.5,8007.64501953125
10.150000000000002,0.45,0.5,7540.20751953125
10.250000000000002,0.45,0.5,7068.57373046875
10.350000000000001,0.45,0.5,6606.62451171875
10.450000000000001,0.45,0.5,6163.9921875
10.55,0.45,0.5,5746.6572265625
10.650000000000002,0.45,0.5,5357.73486328125
10.750000000000002,0.45,0.5,4998.2470703125
10.850000000000001,0.45,0.5,4667.7880859375
10.950000000000001,0.45,0.5,4365.052734375
11.05,0.45,0.5,4088.219482421875
11.150000000000002,0.45,0.5,3835.227294921875
11.250000000000002,0.45,0.5,3603.953125
11.350000000000001,0.45,0.5,3392.327392578125
11.450000000000001,0.45,0.5,3198.40087890625
11.55,0.45,0.5,3020.37841796875
11.650000000000002,0.45,0.5,2856.632568359375
11.750000000000002,0.45,0.5,2705.70361328125
11.850000000000001,0.45,0.5,2566.2919921875
11.950000000000001,0.45,0.5,2437.24560546875
12.05,0.45,0.5,2317.546142578125
12.150000000000002,0.45,0.5,2206.294189453125
12.250000000000002,0.45,0.5,2102.696533203125
12.350000000000001,0.45,0.5,2006.0521240234375
12.450000000000001,0.45,0.5,1915.740234375
12.55,0.45,0.5,1831.2109375
12.650000000000002,0.45,0.5,1751.9752197265625
12.750000000000002,0.45,0.5,1677.596923828125
12.850000000000001,0.45,0.5,1607.6865234375
12.950000000000001,0.45,0.5,1541.894287109375
13.05,0.45,0.5,1479.90576171875
13.150000000000002,0.45,0.5,1421.4373779296875
13.250000000000002,0.45,0.5,1366.2320556640625
13.350000000000001,0.45,0.5,1314.0570068359375
13.450000000000001,0.45,0.5,1264.699951171875
13.55,0.45,0.5,1217.9674072265625
13.650000000000002,0.45,0.5,1173.682373046875
13.750000000000002,0.45,0.5,1131.6824951171875
13.850000000000001,0.45,0.5,1091.8189697265625
13.950000000000001,0.45,0.5,1053.9544677734375
0.05,0.55,0.5,632.8442993164062
0.15000000000000002,0.55,0.5,649.414794921875
0.25,0.55,0.5,666.7156982421875
0.35000000000000003,0.55,0.5,684.7960815429688
0.45,0.55,0.5,703.7097778320312
0.55,0.55,0.5,723.5152587890625
0.6500000000000001,0.55,0.5,744.276611328125
0.7500000000000001,0.55,0.5,766.06396484375
0.8500000000000001,0.55,0.5,788.954345703125
0.9500000000000001,0.55,0.5,813.0322265625
1.05,0.55,0.5,838.390625
1.1500000000000001,0.55,0.5,865.132080078125
1.2500000000000002,0.55,0.5,893.3696899414062
1.35,0.55,0.5,923.2285766601562
1.4500000000000002,0.55,0.5,954.8472290039062
1.55,0.55,0.5,988.37939453125
1.6500000000000001,0.55,0.5,1023.995849609375
1.7500000000000002,0.55,0.5,1061.8868408203125
1.85,0.55,0.5,1102.2645263671875
1.9500000000000002,0.55,0.5,1145.3658447265625
2.05,0.55,0.5,1191.4564208984375
2.15,0.55,0.5,1240.833740234375
2.25,0.55,0.5,1293.8326416015625
2.35,0.55,0.5,1350.82958984375
2.45,0.55,0.5,1412.2498779296875
2.55,0.55,0.5,1478.5738525390625
2.65,0.55,0.5,1550.3453369140625
2.75,0.55,0.5,1628.1812744140625
2.85,0.55,0.5,1712.7823486328125
2.95,0.55,0.5,1804.945556640625
3.05,0.55,0.5,1905.578369140625
3.15,0.55,0.5,2015.7147216796875
3.25,0.55,0.5,2136.532958984375
3.35,0.55,0.5,2269.374755859375
3.45,0.55,0.5,2415.7666015625
3.55,0.55,0.5,2577.439453125
3.65,0.55,0.5,2756.348876953125
3.75,0.55,0.5,2954.687744140625
3.85,0.55,0.5,3174.891357421875
3.95,0.55,0.5,3419.624755859375
4.05,0.55,0.5,3691.73876953125
4.15,0.55,0.5,3994.181396484375
4.25,0.55,0.5,4329.8349609375
4.35,0.55,0.5,4701.24951171875
4.45,0.55,0.5,5110.22802734375
4.55,0.55,0.5,5557.21826171875
4.65,0.55,0.5,6040.474609375
4.75,0.55,0.5,6554.990234375
4.8500000000000005,0.55,0.5,7091.2734375
4.95,0.55,0.5,7634.19921875
5.05,0.55,0.5,8162.3408203125
5.15,0.55,0.5,8648.380859375
5.25,0.55,0.5,9061.1953125
5.3500000000000005,0.55,0.5,9369.8837890625
5.45,0.55,0.5,9549.1923828125
5.55,0.55,0.5,9584.8994140625
5.65,0.55,0.5,9477.1982421875
5.75,0.55,0.5,9240.70703125
5.8500000000000005,0.55,0.5,8901.078125
5.95,0.55,0.5,8489.626953125
6.05,0.55,0.5,8037.90673828125
6.15,0.55,0.5,7573.6904296875
6.25,0.55,0.5,7118.89111328125
6.3500000000000005,0.55,0.5,6689.15478515625
6.45,0.55,0.5,6294.5400390625
6.55,0.55,0.5,5940.67431640625
6.65,0.55,0.5,5629.986328125
6.75,0.55,0.5,5362.7861328125
6.8500000000000005,0.55,0.5,5138.11474609375
6.95,0.55,0.5,4954.3681640625
7.05,0.55,0.5,4809.72607421875
7.15,0.55,0.5,4702.4384765625
7.25,0.55,0.5,4631.00732421875
7.3500000000000005,0.55,0.5,4594.2978515625
7.45,0.55,0.5,4591.60400390625
7.55,0.55,0.5,4622.685546875
7.65,0.55,0.5,4687.7822265625
7.75,0.55,0.5,4787.619140625
7.8500000000000005,0.55,0.5,4923.38671875
7.95,0.55,0.5,5096.7099609375
8.05,0.55,0.5,5309.57421875
8.15,0.55,0.5,5564.20703125
8.250000000000002,0.55,0.5,5862.8759765625
8.350000000000001,0.55,0.5,6207.5703125
8.450000000000001,0.55,0.5,6599.52099609375
8.55,0.55,0.5,7038.501953125
8.65,0.55,0.5,7521.87451171875
8.750000000000002,0.55,0.5,8043.3759765625
8.850000000000001,0.55,0.5,8591.7353515625
8.950000000000001,0.55,0.5,9149.37109375
9.05,0.55,0.5,9691.6328125
9.15,0.55,0.5,10187.2568359375
9.250000000000002,0.55,0.5,10600.7109375
9.350000000000001,0.55,0.5,10896.712890625
9.450000000000001,0.55,0.5,11046.3369140625
9.55,0.55,0.5,11033.064453125
9.650000000000002,0.55,0.5,10856.5908203125
9.750000000000002,0.55,0.5,10532.826171875
9.850000000000001,0.55,0.5,10090.0869140625
9.950000000000001,0.55,0.5,9563.05078125
10.05,0.55,0.5,8986.6484375
10.150000000000002,0.55,0.5,8391.5400390625
10.250000000000002,0.55,0.5,7801.77685546875
10.350000000000001,0.55,0.5,7234.33447265625
10.450000000000001,0.55,0.5,6699.8720703125
10.55,0.55,0.5,6204.02587890625
10.650000000000002,0.55,0.5,5748.78466796875
10.750000000000002,0.55,0.5,5333.69384765625
10.850000000000001,0.55,0.5,4956.79443359375
10.950000000000001,0.55,0.5,4615.30859375
11.05,0.55,0.5,4306.1025390625
11.150000000000002,0.55,0.5,4025.984375
11.250000000000002,0.55,0.5,3771.88427734375
11.350000000000001,0.55,0.5,3540.95068359375
11.450000000000001,0.55,0.5,3330.596435546875
11.55,0.55,0.5,3138.509765625
11.650000000000002,0.55,0.5,2962.646240234375
11.750000000000002,0.55,0.5,2801.21044921875
11.850000000000001,0.55,0.5,2652.6328125
11.950000000000001,0.55,0.5,2515.542724609375
12.05,0.55,0.5,2388.74609375
12.150000000000002,0.55,0.5,2271.20068359375
12.250000000000002,0.55,0.5,2161.996826171875
12.350000000000001,0.55,0.5,2060.33740234375
12.450000000000001,0.55,0.5,1965.523193359375
12.55,0.55,0.5,1876.9385986328125
12.650000000000002,0.55,0.5,1794.03955078125
12.750000000000002,0.55,0.5,1716.3438720703125
12.850000000000001,0.55,0.5,1643.42236328125
12.950000000000001,0.55,0.5,1574.8917236328125
13.05,0.55,0.5,1510.408447265625
13.150000000000002,0.55,0.5,1449.66357421875
13.250000000000002,0.55,0.5,1392.3782958984375
13.350000000000001,0.55,0.5,1338.300048828125
13.450000000000001,0.55,0.5,1287.1995849609375
13.55,0.55,0.5,1238.868408203125
13.650000000000002,0.55,0.5,1193.11572265625
13.750000000000002,0.55,0.5,1149.767578125
13.850000000000001,0.55,0.5,1108.6639404296875
13.950000000000001,0.55,0.5,1069.657958984375
0.05,0.6500000000000001,0.5,638.3110961914062
0.15000000000000002,0.6500000000000001,0.5,655.1032104492188
0.25,0.6500000000000001,0.5,672.6395263671875
0.35000000000000003,0.6500000000000001,0.5,690.9706420898438
0.45,0.6500000000000001,0.5,710.15185546875
0.55,0.6500000000000001,0.5,730.2435913085938
0.6500000000000001,0.6500000000000001,0.5,751.31201171875
0.7500000000000001,0.6500000000000001,0.5,773.4296264648438
0.8500000000000001,0.6500000000000001,0.5,796.6762084960938
0.9500000000000001,0.6500000000000001,0.5,821.1394653320312
1.05,0.6500000000000001,0.5,846.9160766601562
1.1500000000000001,0.6500000000000001,0.5,874.11279296875
1.2500000000000002,0.6500000000000001,0.5,902.84765625
1.35,0.6500000000000001,0.5,933.2515258789062
1.4500000000000002,0.6500000000000001,0.5,965.4696044921875
1.55,0.6500000000000001,0.5,999.6633911132812
1.6500000000000001,0.6500000000000001,0.5,1036.0128173828125
1.7500000000000002,0.6500000000000001,0.5,1074.71875
1.85,0.6500000000000001,0.5,1116.006103515625
1.9500000000000002,0.6500000000000001,0.5,1160.126708984375
2.05,0.6500000000000001,0.5,1207.36376953125
2.15,0.6500000000000001,0.5,1258.0360107421875
2.25,0.6500000000000001,0.5,1312.5030517578125
2.35,0.6500000000000001,0.5,1371.171630859375
2.45,0.6500000000000001,0.5,1434.5030517578125
2.55,0.6500000000000001,0.5,1503.02099609375
2.65,0.6500000000000001,0.5,1577.3218994140625
2.75,0.6500000000000001,0.5,1658.0869140625
2.85,0.6500000000000001,0.5,1746.094482421875
2.95,0.6500000000000001,0.5,1842.2373046875
3.05,0.6500000000000001,0.5,1947.5404052734375
3.15,0.6500000000000001,0.5,2063.1826171875
3.25,0.6500000000000001,0.5,2190.522216796875
3.35,0.6500000000000001,0.5,2331.12451171875
3.45,0.6500000000000001,0.5,2486.794677734375
3.55,0.6500000000000001,0.5,2659.61279296875
3.65,0.6500000000000001,0.5,2851.97119140625
3.75,0.6500000000000001,0.5,3066.6103515625
3.85,0.6500000000000001,0.5,3306.65283203125
3.95,0.6500000000000001,0.5,3575.619873046875
4.05,0.6500000000000001,0.5,3877.427978515625
4.15,0.6500000000000001,0.5,4216.3330078125
4.25,0.6500000000000001,0.5,4596.79931640625
4.35,0.6500000000000001,0.5,5023.2412109375
4.45,0.6500000000000001,0.5,5499.568359375
4.55,0.6500000000000001,0.5,6028.44970703125
4.65,0.6500000000000001,0.5,6610.20068359375
4.75,0.6500000000000001,0.5,7241.21337890625
4.8500000000000005,0.6500000000000001,0.5,7911.953125
4.95,0.6500000000000001,0.5,8604.7451171875
5.05,0.6500000000000001,0.5,9291.947265625
5.15,0.6500000000000001,0.5,9935.5537109375
5.25,0.6500000000000001,0.5,10489.5537109375
5.3500000000000005,0.6500000000000001,0.5,10905.9833984375
5.45,0.6500000000000001,0.5,11144.193359375
5.55,0.6500000000000001,0.5,11180.72265625
5.65,0.6500000000000001,0.5,11015.779296875
5.75,0.6500000000000001,0.5,10673.240234375
5.8500000000000005,0.6500000000000001,0.5,10194.177734375
5.95,0.6500000000000001,0.5,9626.9951171875
6.05,0.6500000000000001,0.5,9018.1630859375
6.15,0.6500000000000001,0.5,8406.173828125
6.25,0.6500000000000001,0.5,7819.18798828125
6.3500000000000005,0.6500000000000001,0.5,7275.44287109375
6.45,0.6500000000000001,0.5,6785.0869140625
6.55,0.6500000000000001,0.5,6352.40185546875
6.65,0.6500000000000001,0.5,5977.82080078125
6.75,0.6500000000000001,0.5,5659.50830078125
6.8500000000000005,0.6500000000000001,0.5,5394.49169921875
6.95,0.6500000000000001,0.5,5179.4150390625
7.05,0.6500000000000001,0.5,5011.01220703125
7.15,0.6500000000000001,0.5,4886.392578125
7.25,0.6500000000000001,0.5,4803.19921875
7.3500000000000005,0.6500000000000001,0.5,4759.6962890625
7.45,0.6500000000000001,0.5,4754.80810546875
7.55,0.6500000000000001,0.5,4788.14208984375
7.65,0.6500000000000001,0.5,4859.99755859375
7.75,0.6500000000000001,0.5,4971.3681640625
7.8500000000000005,0.6500000000000001,0.5,5123.94140625
7.95,0.6500000000000001,0.5,5320.083984375
8.05,0.6500000000000001,0.5,5562.80126953125
8.15,0.6500000000000001,0.5,5855.64794921875
8.250000000000002,0.6500000000000001,0.5,6202.55322265625
8.350000000000001,0.6500000000000001,0.5,6607.50634765625
8.450000000000001,0.6500000000000001,0.5,7074.0263671875
8.55,0.6500000000000001,0.5,7604.31689453125
8.65,0.6500000000000001,0.5,8197.998046875
8.750000000000002,0.6500000000000001,0.5,8850.330078125
8.850000000000001,0.6500000000000001,0.5,9549.943359375
8.950000000000001,0.6500000000000001,0.5,10276.345703125
9.05,0.6500000000000001,0.5,10997.8505859375
9.15,0.6500000000000001,0.5,11671.1318359375
9.250000000000002,0.6500000000000001,0.5,12243.8642578125
9.350000000000001,0.6500000000000001,0.5,12661.5302734375
9.450000000000001,0.6500000000000001,0.5,12877.841796875
9.55,0.6500000000000001,0.5,12865.8427734375
9.650000000000002,0.6500000000000001,0.5,12625.19140625
9.750000000000002,0.6500000000000001,0.5,12182.1689453125
9.850000000000001,0.6500000000000001,0.5,11582.388671875
9.950000000000001,0.6500000000000001,0.5,10879.6953125
10.05,0.6500000000000001,0.5,10125.74609375
10.150000000000002,0.6500000000000001,0.5,9363.20703125
10.250000000000002,0.6500000000000001,0.5,8623.099609375
10.350000000000001,0.6500000000000001,0.5,7925.2568359375
10.450000000000001,0.6500000000000001,0.5,7280.37744140625
10.55,0.6500000000000001,0.5,6692.51904296875
10.650000000000002,0.6500000000000001,0.5,6161.35400390625
10.750000000000002,0.6500000000000001,0.5,5683.93408203125
10.850000000000001,0.6500000000000001,0.5,5255.94384765625
10.950000000000001,0.6500000000000001,0.5,4872.52392578125
11.05,0.6500000000000001,0.5,4528.78125
11.150000000000002,0.6500000000000001,0.5,4220.07470703125
11.250000000000002,0.6500000000000001,0.5,3942.16259765625
11.350000000000001,0.6500000000000001,0.5,3691.255859375
11.450000000000001,0.6500000000000001,0.5,3464.0224609375
11.55,0.6500000000000001,0.5,3257.56103515625
11.650000000000002,0.6500000000000001,0.5,3069.362060546875
11.750000000000002,0.6500000000000001,0.5,2897.26171875
11.850000000000001,0.6500000000000001,0.5,2739.39892578125
11.950000000000001,0.6500000000000001,0.5,2594.172119140625
12.05,0.6500000000000001,0.5,2460.201904296875
12.150000000000002,0.6500000000000001,0.5,2336.298095703125
12.250000000000002,0.6500000000000001,0.5,2221.4306640625
12.350000000000001,0.6500000000000001,0.5,2114.705810546875
12.450000000000001,0.6500000000000001,0.5,2015.34375
12.55,0.6500000000000001,0.5,1922.6629638671875
12.650000000000002,0.6500000000000001,0.5,1836.06396484375
12.750000000000002,0.6500000000000001,0.5,1755.01806640625
12.850000000000001,0.6500000000000001,0.5,1679.0565185546875
12.950000000000001,0.6500000000000001,0.5,1607.76220703125
13.05,0.6500000000000001,0.5,1540.76220703125
13.150000000000002,0.6500000000000001,0.5,1477.7222900390625
13.250000000000002,0.6500000000000001,0.5,1418.34130859375
13.350000000000001,0.6500000000000001,0.5,1362.3470458984375
13.450000000000001,0.6500000000000001,0.5,1309.4931640625
13.55,0.6500000000000001,0.5,1259.5552978515625
13.650000000000002,0.6500000000000001,0.5,1212.3294677734375
13.750000000000002,0.6500000000000001,0.5,1167.6290283203125
13.850000000000001,0.6500000000000001,0.5,1125.282958984375
13.950000000000001,0.6500000000000001,0.5,1085.1346435546875
0.05,0.7500000000000001,0.5,643.66015625
0.15000000000000002,0.7500000000000001,0.5,660.6630249023438
0.25,0.7500000000000001,0.5,678.4227905273438
0.35000000000000003,0.7500000000000001,0.5,696.9912109375
0.45,0.7500000000000001,0.5,716.4251708984375
0.55,0.7500000000000001,0.5,736.7866821289062
0.6500000000000001,0.7500000000000001,0.5,758.143798828125
0.7500000000000001,0.7500000000000001,0.5,780.5713500976562
0.8500000000000001,0.7500000000000001,0.5,804.1514892578125
0.9500000000000001,0.7500000000000001,0.5,828.9749755859375
1.05,0.7500000000000001,0.5,855.141845703125
1.1500000000000001,0.7500000000000001,0.5,882.7626953125
1.2500000000000002,0.7500000000000001,0.5,911.960205078125
1.35,0.7500000000000001,0.5,942.8704833984375
1.4500000000000002,0.7500000000000001,0.5,975.64501953125
1.55,0.7500000000000001,0.5,1010.4525756835938
1.6500000000000001,0.7500000000000001,0.5,1047.481689453125
1.7500000000000002,0.7500000000000001,0.5,1086.9432373046875
1.85,0.7500000000000001,0.5,1129.0740966796875
1.9500000000000002,0.7500000000000001,0.5,1174.1402587890625
2.05,0.7500000000000001,0.5,1222.441650390625
2.15,0.7500000000000001,0.5,1274.3172607421875
2.25,0.7500000000000001,0.5,1330.150634765625
2.35,0.7500000000000001,0.5,1390.3775634765625
2.45,0.7500000000000001,0.5,1455.4940185546875
2.55,0.7500000000000001,0.5,1526.066162109375
2.65,0.7500000000000001,0.5,1602.7423095703125
2.75,0.7500000000000001,0.5,1686.2662353515625
2.85,0.7500000000000001,0.5,1777.4940185546875
2.95,0.7500000000000001,0.5,1877.4139404296875
3.05,0.7500000000000001,0.5,1987.16943359375
3.15,0.7500000000000001,0.5,2108.08740234375
3.25,0.7500000000000001,0.5,2241.710693359375
3.35,0.7500000000000001,0.5,2389.837646484375
3.45,0.7500000000000001,0.5,2554.5673828125
3.55,0.7500000000000001,0.5,2738.352783203125
3.65,0.7500000000000001,0.5,2944.061279296875
3.75,0.7500000000000001,0.5,3175.04052734375
3.85,0.7500000000000001,0.5,3435.18896484375
3.95,0.7500000000000001,0.5,3729.021728515625
4.05,0.7500000000000001,0.5,4061.7236328125
4.15,0.7500000000000001,0.5,4439.1630859375
4.25,0.7500000000000001,0.5,4867.83251953125
4.35,0.7500000000000001,0.5,5354.650390625
4.45,0.7500000000000001,0.5,5906.53564453125
4.55,0.7500000000000001,0.5,6529.6015625
4.65,0.7500000000000001,0.5,7227.79150390625
4.75,0.7500000000000001,0.5,8000.73388671875
4.8500000000000005,0.7500000000000001,0.5,8840.6650390625
4.95,0.7500000000000001,0.5,9728.537109375
5.05,0.7500000000000001,0.5,10629.99609375
5.15,0.7500000000000001,0.5,11492.9365234375
5.25,0.7500000000000001,0.5,12249.2890625
5.3500000000000005,0.7500000000000001,0.5,12823.7041015625
5.45,0.7500000000000001,0.5,13149.400390625
5.55,0.7500000000000001,0.5,13186.7001953125
5.65,0.7500000000000001,0.5,12935.8212890625
5.75,0.7500000000000001,0.5,12436.8798828125
5.8500000000000005,0.7500000000000001,0.5,11757.1064453125
5.95,0.7500000000000001,0.5,10972.310546875
6.05,0.7500000000000001,0.5,10151.05078125
6.15,0.7500000000000001,0.5,9345.947265625
6.25,0.7500000000000001,0.5,8591.9072265625
6.3500000000000005,0.7500000000000001,0.5,7908.57958984375
6.45,0.7500000000000001,0.5,7304.38623046875
6.55,0.7500000000000001,0.5,6780.4267578125
6.65,0.7500000000000001,0.5,6333.56884765625
6.75,0.7500000000000001,0.5,5958.60888671875
6.8500000000000005,0.7500000000000001,0.5,5649.658203125
6.95,0.7500000000000001,0.5,5400.96630859375
7.05,0.7500000000000001,0.5,5207.37939453125
7.15,0.7500000000000001,0.5,5064.56494140625
7.25,0.7500000000000001,0.5,4969.10986328125
7.3500000000000005,0.7500000000000001,0.5,4918.55078125
7.45,0.7500000000000001,0.5,4911.37158203125
7.55,0.7500000000000001,0.5,4946.99609375
7.65,0.7500000000000001,0.5,5025.787109375
7.75,0.7500000000000001,0.5,5149.0517578125
7.8500000000000005,0.7500000000000001,0.5,5319.06103515625
7.95,0.7500000000000001,0.5,5539.06884765625
8.05,0.7500000000000001,0.5,5813.3251953125
8.15,0.7500000000000001,0.5,6147.052734375
8.250000000000002,0.7500000000000001,0.5,6546.3427734375
8.350000000000001,0.7500000000000001,0.5,7017.90673828125
8.450000000000001,0.7500000000000001,0.5,7568.568359375
8.55,0.7500000000000001,0.5,8204.33984375
8.65,0.7500000000000001,0.5,8928.8642578125
8.750000000000002,0.7500000000000001,0.5,9740.9892578125
8.850000000000001,0.7500000000000001,0.5,10631.294921875
8.950000000000001,0.7500000000000001,0.5,11577.6962890625
9.05,0.7500000000000001,0.5,12540.9189453125
9.15,0.7500000000000001,0.5,13461.7294921875
9.250000000000002,0.7500000000000001,0.5,14262.9462890625
9.350000000000001,0.7500000000000001,0.5,14859.2021484375
9.450000000000001,0.7500000000000001,0.5,15174.7646484375
9.55,0.7500000000000001,0.5,15164.3828125
9.650000000000002,0.7500000000000001,0.5,14827.6787109375
9.750000000000002,0.7500000000000001,0.5,14209.1484375
9.850000000000001,0.7500000000000001,0.5,13383.771484375
9.950000000000001,0.7500000000000001,0.5,12436.1689453125
10.05,0.7500000000000001,0.5,11442.7841796875
10.150000000000002,0.7500000000000001,0.5,10462.1201171875
10.250000000000002,0.7500000000000001,0.5,9532.72265625
10.350000000000001,0.7500000000000001,0.5,8675.9560546875
10.450000000000001,0.7500000000000001,0.5,7900.51123046875
10.55,0.7500000000000001,0.5,7206.802734375
10.650000000000002,0.7500000000000001,0.5,6590.42236328125
10.750000000000002,0.7500000000000001,0.5,6044.5546875
10.850000000000001,0.7500000000000001,0.5,5561.51416015625
10.950000000000001,0.7500000000000001,0.5,5133.6435546875
11.05,0.7500000000000001,0.5,4753.79345703125
11.150000000000002,0.7500000000000001,0.5,4415.5390625
11.250000000000002,0.7500000000000001,0.5,4113.2421875
11.350000000000001,0.7500000000000001,0.5,3842.029052734375
11.450000000000001,0.7500000000000001,0.5,3597.727783203125
11.55,0.7500000000000001,0.5,3376.787353515625
11.650000000000002,0.7500000000000001,0.5,3176.1943359375
11.750000000000002,0.7500000000000001,0.5,2993.394775390625
11.850000000000001,0.7500000000000001,0.5,2826.222412109375
11.950000000000001,0.7500000000000001,0.5,2672.837158203125
12.05,0.7500000000000001,0.5,2531.671630859375
12.150000000000002,0.7500000000000001,0.5,2401.385986328125
12.250000000000002,0.7500000000000001,0.5,2280.830322265625
12.350000000000001,0.7500000000000001,0.5,2169.013671875
12.450000000000001,0.7500000000000001,0.5,2065.077392578125
12.55,0.7500000000000001,0.5,1968.274169921875
12.650000000000002,0.7500000000000001,0.5,1877.9503173828125
12.750000000000002,0.7500000000000001,0.5,1793.531005859375
12.850000000000001,0.7500000000000001,0.5,1714.50830078125
12.950000000000001,0.7500000000000001,0.5,1640.431640625
13.05,0.7500000000000001,0.5,1570.89892578125
13.150000000000002,0.7500000000000001,0.5,1505.5504150390625
13.250000000000002,0.7500000000000001,0.5,1444.0625
13.350000000000001,0.7500000000000001,0.5,1386.1436767578125
13.450000000000001,0.7500000000000001,0.5,1331.5296630859375
13.55,0.7500000000000001,0.5,1279.98095703125
13.650000000000002,0.7500000000000001,0.5,1231.279296875
13.750000000000002,0.7500000000000001,0.5,1185.2255859375
13.850000000000001,0.7500000000000001,0.5,1141.6376953125
13.950000000000001,0.7500000000000001,0.5,1100.348876953125
0.05,0.8500000000000001,0.5,648.8895263671875
0.15000000000000002,0.8500000000000001,0.5,666.0918579101562
0.25,0.8500000000000001,0.5,684.0623779296875
0.35000000000000003,0.8500000000000001,0.5,702.8541870117188
0.45,0.8500000000000001,0.5,722.5252685546875
0.55,0.8500000000000001,0.5,743.13916015625
0.6500000000000001,0.8500000000000001,0.5,764.7656860351562
0.7500000000000001,0.8500000000000001,0.5,787.4815063476562
0.8500000000000001,0.8500000000000001,0.5,811.3712158203125
0.9500000000000001,0.8500000000000001,0.5,836.5280151367188
1.05,0.8500000000000001,0.5,863.0549926757812
1.1500000000000001,0.8500000000000001,0.5,891.06640625
1.2500000000000002,0.8500000000000001,0.5,920.6890258789062
1.35,0.8500000000000001,0.5,952.0637817382812
1.4500000000000002,0.8500000000000001,0.5,985.3477783203125
1.55,0.8500000000000001,0.5,1020.7164306640625
1.6500000000000001,0.8500000000000001,0.5,1058.3662109375
1.7500000000000002,0.8500000000000001,0.5,1098.5172119140625
1.85,0.8500000000000001,0.5,1141.417236328125
1.9500000000000002,0.8500000000000001,0.5,1187.3455810546875
2.05,0.8500000000000001,0.5,1236.61767578125
2.15,0.8500000000000001,0.5,1289.5911865234375
2.25,0.8500000000000001,0.5,1346.67236328125
2.35,0.8500000000000001,0.5,1408.323974609375
2.45,0.8500000000000001,0.5,1475.0753173828125
2.55,0.8500000000000001,0.5,1547.532470703125
2.65,0.8500000000000001,0.5,1626.39306640625
2.75,0.8500000000000001,0.5,1712.46142578125
2.85,0.8500000000000001,0.5,1806.66845703125
2.95,0.8500000000000001,0.5,1910.095458984375
3.05,0.8500000000000001,0.5,2024.0020751953125
3.15,0.8500000000000001,0.5,2149.861328125
3.25,0.8500000000000001,0.5,2289.400390625
3.35,0.8500000000000001,0.5,2444.652587890625
3.45,0.8500000000000001,0.5,2618.01708984375
3.55,0.8500000000000001,0.5,2812.332275390625
3.65,0.8500000000000001,0.5,3030.964111328125
3.75,0.8500000000000001,0.5,3277.90869140625
3.85,0.8500000000000001,0.5,3557.908935546875
3.95,0.8500000000000001,0.5,3876.587158203125
4.05,0.8500000000000001,0.5,4240.57861328125
4.15,0.8500000000000001,0.5,4657.64990234375
4.25,0.8500000000000001,0.5,5136.76953125
4.35,0.8500000000000001,0.5,5688.05224609375
4.45,0.8500000000000001,0.5,6322.4638671875
4.55,0.8500000000000001,0.5,7051.08251953125
4.65,0.8500000000000001,0.5,7883.607421875
4.75,0.8500000000000001,0.5,8825.677734375
4.8500000000000005,0.8500000000000001,0.5,9874.5185546875
4.95,0.8500000000000001,0.5,11012.6201171875
5.05,0.8500000000000001,0.5,12199.974609375
5.15,0.8500000000000001,0.5,13367.1787109375
5.25,0.8500000000000001,0.5,14414.357421875
5.3500000000000005,0.8500000000000001,0.5,15222.4013671875
5.45,0.8500000000000001,0.5,15679.7578125
5.55,0.8500000000000001,0.5,15717.7685546875
5.65,0.8500000000000001,0.5,15336.66015625
5.75,0.8500000000000001,0.5,14605.5517578125
5.8500000000000005,0.8500000000000001,0.5,13636.4658203125
5.95,0.8500000000000001,0.5,12548.9990234375
6.05,0.8500000000000001,0.5,11443.53515625
6.15,0.8500000000000001,0.5,10390.0224609375
6.25,0.8500000000000001,0.5,9429.0556640625
6.3500000000000005,0.8500000000000001,0.5,8578.7802734375
6.45,0.8500000000000001,0.5,7842.67236328125
6.55,0.8500000000000001,0.5,7215.8720703125
6.65,0.8500000000000001,0.5,6689.55224609375
6.75,0.8500000000000001,0.5,6253.61865234375
6.8500000000000005,0.8500000000000001,0.5,5898.22265625
6.95,0.8500000000000001,0.5,5614.52978515625
7.05,0.8500000000000001,0.5,5395.0458984375
7.15,0.8500000000000001,0.5,5233.7080078125
7.25,0.8500000000000001,0.5,5125.86669921875
7.3500000000000005,0.8500000000000001,0.5,5068.22021484375
7.45,0.8500000000000001,0.5,5058.75048828125
7.55,0.8500000000000001,0.5,5096.6728515625
7.65,0.8500000000000001,0.5,5182.41748046875
7.75,0.8500000000000001,0.5,5317.638671875
7.8500000000000005,0.8500000000000001,0.5,5505.26318359375
7.95,0.8500000000000001,0.5,5749.5595703125
8.05,0.8500000000000001,0.5,6056.22802734375
8.15,0.8500000000000001,0.5,6432.48388671875
8.250000000000002,0.8500000000000001,0.5,6887.09033203125
8.350000000000001,0.8500000000000001,0.5,7430.26025390625
8.450000000000001,0.8500000000000001,0.5,8073.29541015625
8.55,0.8500000000000001,0.5,8827.7294921875
8.65,0.8500000000000001,0.5,9703.625
8.750000000000002,0.8500000000000001,0.5,10706.5458984375
8.850000000000001,0.8500000000000001,0.5,11832.6357421875
8.950000000000001,0.8500000000000001,0.5,13061.501953125
9.05,0.8500000000000001,0.5,14347.46484375
9.15,0.8500000000000001,0.5,15611.791015625
9.250000000000002,0.8500000000000001,0.5,16741.4765625
9.350000000000001,0.8500000000000001,0.5,17601.8828125
9.450000000000001,0.8500000000000001,0.5,18066.859375
9.55,0.8500000000000001,0.5,18058.50390625
9.650000000000002,0.8500000000000001,0.5,17576.392578125
9.750000000000002,0.8500000000000001,0.5,16697.5859375
9.850000000000001,0.8500000000000001,0.5,15547.392578125
9.950000000000001,0.8500000000000001,0.5,14259.6240234375
10.05,0.8500000000000001,0.5,12946.46484375
10.150000000000002,0.8500000000000001,0.5,11685.8388671875
10.250000000000002,0.8500000000000001,0.5,10522.6318359375
10.350000000000001,0.8500000000000001,0.5,9476.44921875
10.450000000000001,0.8500000000000001,0.5,8550.3583984375
10.55,0.8500000000000001,0.5,7738.0009765625
10.650000000000002,0.8500000000000001,0.5,7028.498046875
10.750000000000002,0.8500000000000001,0.5,6409.45849609375
10.850000000000001,0.8500000000000001,0.5,5868.6611328125
10.950000000000001,0.8500000000000001,0.5,5394.87939453125
11.05,0.8500000000000001,0.5,4978.2109375
11.150000000000002,0.8500000000000001,0.5,4610.1298828125
11.250000000000002,0.8500000000000001,0.5,4283.40576171875
11.350000000000001,0.8500000000000001,0.5,3991.961669921875
11.450000000000001,0.8500000000000001,0.5,3730.71533203125
11.55,0.8500000000000001,0.5,3495.426513671875
11.650000000000002,0.8500000000000001,0.5,3282.55810546875
11.750000000000002,0.8500000000000001,0.5,3089.156494140625
11.850000000000001,0.8500000000000001,0.5,2912.748291015625
11.950000000000001,0.8500000000000001,0.5,2751.256591796875
12.05,0.8500000000000001,0.5,2602.927978515625
12.150000000000002,0.8500000000000001,0.5,2466.277099609375
12.250000000000002,0.8500000000000001,0.5,2340.0380859375
12.350000000000001,0.8500000000000001,0.5,2223.1259765625
12.450000000000001,0.8500000000000001,0.5,2114.60595703125
12.55,0.8500000000000001,0.5,2013.66748046875
12.650000000000002,0.8500000000000001,0.5,1919.604248046875
12.750000000000002,0.8500000000000001,0.5,1831.7967529296875
12.850000000000001,0.8500000000000001,0.5,1749.6988525390625
12.950000000000001,0.8500000000000001,0.5,1672.8270263671875
13.05,0.8500000000000001,0.5,1600.75048828125
13.150000000000002,0.8500000000000001,0.5,1533.0843505859375
13.250000000000002,0.8500000000000001,0.5,1469.48291015625
13.350000000000001,0.8500000000000001,0.5,1409.634521484375
13.450000000000001,0.8500000000000001,0.5,1353.2576904296875
13.55,0.8500000000000001,0.5,1300.0970458984375
13.650000000000002,0.8500000000000001,0.5,1249.920166015625
13.750000000000002,0.8500000000000001,0.5,1202.5152587890625
13.850000000000001,0.8500000000000001,0.5,1157.6890869140625
13.950000000000001,0.8500000000000001,0.5,1115.26416015625
0.05,0.9500000000000001,0.5,653.9979858398438
0.15000000000000002,0.9500000000000001,0.5,671.3881225585938
0.25,0.9500000000000001,0.5,689.5565185546875
0.35000000000000003,0.9500000000000001,0.5,708.5571899414062
0.45,0.9500000000000001,0.5,728.4491577148438
0.55,0.9500000000000001,0.5,749.29736328125
0.6500000000000001,0.9500000000000001,0.5,771.1729736328125
0.7500000000000001,0.9500000000000001,0.5,794.1544799804688
0.8500000000000001,0.9500000000000001,0.5,818.3282470703125
0.9500000000000001,0.9500000000000001,0.5,843.7899169921875
1.05,0.9500000000000001,0.5,870.6452026367188
1.1500000000000001,0.9500000000000001,0.5,899.011474609375
1.2500000000000002,0.9500000000000001,0.5,929.0189819335938
1.35,0.9500000000000001,0.5,960.8131103515625
1.4500000000000002,0.9500000000000001,0.5,994.5558471679688
1.55,0.9500000000000001,0.5,1030.4285888671875
1.6500000000000001,0.9500000000000001,0.5,1068.6346435546875
1.7500000000000002,0.9500000000000001,0.5,1109.4027099609375
1.85,0.9500000000000001,0.5,1152.990234375
1.9500000000000002,0.9500000000000001,0.5,1199.688232421875
2.05,0.9500000000000001,0.5,1249.826416015625
2.15,0.9500000000000001,0.5,1303.779296875
2.25,0.9500000000000001,0.5,1361.9736328125
2.35,0.9500000000000001,0.5,1424.897216796875
2.45,0.9500000000000001,0.5,1493.109375
2.55,0.9500000000000001,0.5,1567.25341796875
2.65,0.9500000000000001,0.5,1648.0723876953125
2.75,0.9500000000000001,0.5,1736.4268798828125
2.85,0.9500000000000001,0.5,1833.31787109375
2.95,0.9500000000000001,0.5,1939.9140625
3.05,0.9500000000000001,0.5,2057.585205078125
3.15,0.9500000000000001,0.5,2187.94384765625
3.25,0.9500000000000001,0.5,2332.89501953125
3.35,0.9500000000000001,0.5,2494.699462890625
3.45,0.9500000000000001,0.5,2676.05126953125
3.55,0.9500000000000001,0.5,2880.172607421875
3.65,0.9500000000000001,0.5,3110.93115234375
3.75,0.9500000000000001,0.5,3372.986083984375
3.85,0.9500000000000001,0.5,3671.96044921875
3.95,0.9500000000000001,0.5,4014.65185546875
4.05,0.9500000000000001,0.5,4409.2734375
4.15,0.9500000000000001,0.5,4865.71728515625
4.25,0.9500000000000001,0.5,5395.8125
4.35,0.9500000000000001,0.5,6013.513671875
4.45,0.9500000000000001,0.5,6734.8896484375
4.55,0.9500000000000001,0.5,7577.662109375
4.65,0.9500000000000001,0.5,8559.8603515625
4.75,0.9500000000000001,0.5,9696.8759765625
4.8500000000000005,0.9500000000000001,0.5,10995.876953125
4.95,0.9500000000000001,0.5,12446.4609375
5.05,0.9500000000000001,0.5,14007.1376953125
5.15,0.9500000000000001,0.5,15590.0205078125
5.25,0.9500000000000001,0.5,17051.72265625
5.3500000000000005,0.9500000000000001,0.5,18204.66796875
5.45,0.9500000000000001,0.5,18860.853515625
5.55,0.9500000000000001,0.5,18899.5078125
5.65,0.9500000000000001,0.5,18320.87109375
5.75,0.9500000000000001,0.5,17246.189453125
5.8500000000000005,0.9500000000000001,0.5,15863.95703125
5.95,0.9500000000000001,0.5,14362.255859375
6.05,0.9500000000000001,0.5,12885.0087890625
6.15,0.9500000000000001,0.5,11520.671875
6.25,0.9500000000000001,0.5,10311.349609375
6.3500000000000005,0.9500000000000001,0.5,9268.1171875
6.45,0.9500000000000001,0.5,8384.5458984375
6.55,0.9500000000000001,0.5,7646.0712890625
6.65,0.9500000000000001,0.5,7035.59326171875
6.75,0.9500000000000001,0.5,6536.44189453125
6.8500000000000005,0.9500000000000001,0.5,6133.75146484375
6.95,0.9500000000000001,0.5,5814.95068359375
7.05,0.9500000000000001,0.5,5569.81298828125
7.15,0.9500000000000001,0.5,5390.314453125
7.25,0.9500000000000001,0.5,5270.4326171875
7.3500000000000005,0.9500000000000001,0.5,5205.9541015625
7.45,0.9500000000000001,0.5,5194.31640625
7.55,0.9500000000000001,0.5,5234.51025390625
7.65,0.9500000000000001,0.5,5327.0341796875
7.75,0.9500000000000001,0.5,5473.91162109375
7.8500000000000005,0.9500000000000001,0.5,5678.7705078125
7.95,0.9500000000000001,0.5,5946.97900390625
8.05,0.9500000000000001,0.5,6285.8408203125
8.15,0.9500000000000001,0.5,6704.826171875
8.250000000000002,0.9500000000000001,0.5,7215.8095703125
8.350000000000001,0.9500000000000001,0.5,7833.240234375
8.450000000000001,0.9500000000000001,0.5,8574.08984375
8.55,0.9500000000000001,0.5,9457.306640625
8.65,0.9500000000000001,0.5,10502.279296875
8.750000000000002,0.9500000000000001,0.5,11725.4931640625
8.850000000000001,0.9500000000000001,0.5,13134.240234375
8.950000000000001,0.9500000000000001,0.5,14716.080078125
9.05,0.9500000000000001,0.5,16423.62890625
9.15,0.9500000000000001,0.5,18157.31640625
9.250000000000002,0.9500000000000001,0.5,19755.150390625
9.350000000000001,0.9500000000000001,0.5,21005.416015625
9.450000000000001,0.9500000000000001,0.5,21695.916015625
9.55,0.9500000000000001,0.5,21690.06640625
9.650000000000002,0.9500000000000001,0.5,20987.39453125
9.750000000000002,0.9500000000000001,0.5,19723.53515625
9.850000000000001,0.9500000000000001,0.5,18109.75
9.950000000000001,0.9500000000000001,0.5,16356.8232421875
10.05,0.9500000000000001,0.5,14625.84375
10.150000000000002,0.9500000000000001,0.5,13015.484375
10.250000000000002,0.9500000000000001,0.5,11572.259765625
10.350000000000001,0.9500000000000001,0.5,10307.75
10.450000000000001,0.9500000000000001,0.5,9213.818359375
10.55,0.9500000000000001,0.5,8273.126953125
10.650000000000002,0.9500000000000001,0.5,7465.42578125
10.750000000000002,0.9500000000000001,0.5,6770.86328125
10.850000000000001,0.9500000000000001,0.5,6171.50048828125
10.950000000000001,0.9500000000000001,0.5,5651.82421875
11.05,0.9500000000000001,0.5,5198.751953125
11.150000000000002,0.9500000000000001,0.5,4801.4140625
11.250000000000002,0.9500000000000001,0.5,4450.8544921875
11.350000000000001,0.9500000000000001,0.5,4139.7236328125
11.450000000000001,0.9500000000000001,0.5,3862.0
11.55,0.9500000000000001,0.5,3612.74609375
11.650000000000002,0.9500000000000001,0.5,3387.904541015625
11.750000000000002,0.9500000000000001,0.5,3184.13134765625
11.850000000000001,0.9500000000000001,0.5,2998.65771484375
11.950000000000001,0.9500000000000001,0.5,2829.1796875
12.05,0.9500000000000001,0.5,2673.77001953125
12.150000000000002,0.9500000000000001,0.5,2530.806640625
12.250000000000002,0.9500000000000001,0.5,2398.91455078125
12.350000000000001,0.9500000000000001,0.5,2276.922119140625
12.450000000000001,0.9500000000000001,0.5,2163.822509765625
12.55,0.9500000000000001,0.5,2058.746337890625
12.650000000000002,0.9500000000000001,0.5,1960.937255859375
12.750000000000002,0.9500000000000001,0.5,1869.733154296875
12.850000000000001,0.9500000000000001,0.5,1784.5516357421875
12.950000000000001,0.9500000000000001,0.5,1704.876708984375
13.05,0.9500000000000001,0.5,1630.2498779296875
13.150000000000002,0.9500000000000001,0.5,1560.2611083984375
13.250000000000002,0.9500000000000001,0.5,1494.54296875
13.350000000000001,0.9500000000000001,0.5,1432.763916015625
13.450000000000001,0.9500000000000001,0.5,1374.6248779296875
13.55,0.9500000000000001,0.5,1319.8544921875
13.650000000000002,0.9500000000000001,0.5,1268.206298828125
13.750000000000002,0.9500000000000001,0.5,1219.4554443359375
13.850000000000001,0.9500000000000001,0.5,1173.39697265625
13.950000000000001,0.9500000000000001,0.5,1129.8433837890625
0.05,1.05,0.5,658.9855346679688
0.15000000000000002,1.05,0.5,676.5516357421875
0.25,1.05,0.5,694.9046020507812
0.35000000000000003,1.05,0.5,714.0991821289062
0.45,1.05,0.5,734.1954345703125
0.55,1.05,0.5,755.2592163085938
0.6500000000000001,1.05,0.5,777.3629760742188
0.7500000000000001,1.05,0.5,800.5865478515625
0.8500000000000001,1.05,0.5,825.0180053710938
0.9500000000000001,1.05,0.5,850.7548217773438
1.05,1.05,0.5,877.9049072265625
1.1500000000000001,1.05,0.5,906.5883178710938
1.2500000000000002,1.05,0.5,936.9384155273438
1.35,1.05,0.5,969.10400390625
1.4500000000000002,1.05,0.5,1003.2515869140625
1.55,1.05,0.5,1039.5673828125
1.6500000000000001,1.05,0.5,1078.2608642578125
1.7500000000000002,1.05,0.5,1119.5677490234375
1.85,1.05,0.5,1163.7540283203125
1.9500000000000002,1.05,0.5,1211.1209716796875
2.05,1.05,0.5,1262.0106201171875
2.15,1.05,0.5,1316.8123779296875
2.25,1.05,0.5,1375.970703125
2.35,1.05,0.5,1439.995361328125
2.45,1.05,0.5,1509.472412109375
2.55,1.05,0.5,1585.078125
2.65,1.05,0.5,1667.595703125
2.75,1.05,0.5,1757.936279296875
2.85,1.05,0.5,1857.16357421875
2.95,1.05,0.5,1966.525390625
3.05,1.05,0.5,2087.49169921875
3.15,1.05,0.5,2221.8017578125
3.25,1.05,0.5,2371.52490234375
3.35,1.05,0.5,2539.133544921875
3.45,1.05,0.5,2727.59716796875
3.55,1.05,0.5,2940.50146484375
3.65,1.05,0.5,3182.1953125
3.75,1.05,0.5,3457.98095703125
3.85,1.05,0.5,3774.350341796875
3.95,1.05,0.5,4139.28173828125
4.05,1.05,0.5,4562.60595703125
4.15,1.05,0.5,5056.4482421875
4.25,1.05,0.5,5635.73388671875
4.35,1.05,0.5,6318.72119140625
4.45,1.05,0.5,7127.44189453125
4.55,1.05,0.5,8087.79833984375
4.65,1.05,0.5,9228.7880859375
4.75,1.05,0.5,10579.849609375
4.8500000000000005,1.05,0.5,12164.5986328125
4.95,1.05,0.5,13988.427734375
5.05,1.05,0.5,16017.41015625
5.15,1.05,0.5,18149.099609375
5.25,1.05,0.5,20185.84375
5.3500000000000005,1.05,0.5,21837.888671875
5.45,1.05,0.5,22790.078125
5.55,1.05,0.5,22829.306640625
5.65,1.05,0.5,21955.8203125
5.75,1.05,0.5,20383.22265625
5.8500000000000005,1.05,0.5,18427.171875
5.95,1.05,0.5,16377.951171875
6.05,1.05,0.5,14433.76953125
6.15,1.05,0.5,12697.6630859375
6.25,1.05,0.5,11204.203125
6.3500000000000005,1.05,0.5,9948.6982421875
6.45,1.05,0.5,8908.3076171875
6.55,1.05,0.5,8054.46337890625
6.65,1.05,0.5,7359.14794921875
6.75,1.05,0.5,6797.5732421875
6.8500000000000005,1.05,0.5,6348.98681640625
6.95,1.05,0.5,5996.609375
7.05,1.05,0.5,5727.23681640625
7.15,1.05,0.5,5530.76171875
7.25,1.05,0.5,5399.73388671875
7.3500000000000005,1.05,0.5,5329.00341796875
7.45,1.05,0.5,5315.458984375
7.55,1.05,0.5,5357.86181640625
7.65,1.05,0.5,5456.77880859375
7.75,1.05,0.5,5614.6015625
7.8500000000000005,1.05,0.5,5835.666015625
7.95,1.05,0.5,6126.46484375
8.05,1.05,0.5,6495.96484375
8.15,1.05,0.5,6956.02783203125
8.250000000000002,1.05,0.5,7521.91845703125
8.350000000000001,1.05,0.5,8212.849609375
8.450000000000001,1.05,0.5,9052.4443359375
8.55,1.05,0.5,10068.8037109375
8.65,1.05,0.5,11293.609375
8.750000000000002,1.05,0.5,12759.1142578125
8.850000000000001,1.05,0.5,14491.0751953125
8.950000000000001,1.05,0.5,16494.787109375
9.05,1.05,0.5,18731.330078125
9.15,1.05,0.5,21084.724609375
9.250000000000002,1.05,0.5,23331.87890625
9.350000000000001,1.05,0.5,25146.091796875
9.450000000000001,1.05,0.5,26172.068359375
9.55,1.05,0.5,26169.294921875
9.650000000000002,1.05,0.5,25137.234375
9.750000000000002,1.05,0.5,23315.341796875
9.850000000000001,1.05,0.5,21057.8515625
9.950000000000001,1.05,0.5,18690.43359375
10.05,1.05,0.5,16435.162109375
10.150000000000002,1.05,0.5,14407.0302734375
10.250000000000002,1.05,0.5,12643.9990234375
10.350000000000001,1.05,0.5,11139.8427734375
10.450000000000001,1.05,0.5,9867.8916015625
10.55,1.05,0.5,8794.99609375
10.650000000000002,1.05,0.5,7888.56689453125
10.750000000000002,1.05,0.5,7119.56689453125
10.850000000000001,1.05,0.5,6463.3779296875
10.950000000000001,1.05,0.5,5899.6865234375
11.05,1.05,0.5,5411.97900390625
11.150000000000002,1.05,0.5,4986.931640625
11.250000000000002,1.05,0.5,4613.8291015625
11.350000000000001,1.05,0.5,4284.05810546875
11.450000000000001,1.05,0.5,3990.68212890625
11.55,1.05,0.5,3728.09912109375
11.650000000000002,1.05,0.5,3491.764404296875
11.750000000000002,1.05,0.5,3277.973876953125
11.850000000000001,1.05,0.5,3083.689697265625
11.950000000000001,1.05,0.5,2906.405029296875
12.05,1.05,0.5,2744.03662109375
12.150000000000002,1.05,0.5,2594.840087890625
12.250000000000002,1.05,0.5,2457.34423828125
12.350000000000001,1.05,0.5,2330.299072265625
12.450000000000001,1.05,0.5,2212.63330078125
12.55,1.05,0.5,2103.423828125
12.650000000000002,1.05,0.5,2001.8675537109375
12.750000000000002,1.05,0.5,1907.26318359375
12.850000000000001,1.05,0.5,1818.9930419921875
12.950000000000001,1.05,0.5,1736.5107421875
13.05,1.05,0.5,1659.3304443359375
13.150000000000002,1.05,0.5,1587.0177001953125
13.250000000000002,1.05,0.5,1519.18310546875
13.350000000000001,1.05,0.5,1455.4755859375
13.450000000000001,1.05,0.5,1395.578125
13.55,1.05,0.5,1339.20361328125
13.650000000000002,1.05,0.5,1286.0909423828125
13.750000000000002,1.05,0.5,1236.0023193359375
13.850000000000001,1.05,0.5,1188.7208251953125
13.950000000000001,1.05,0.5,1144.04833984375
0.05,1.1500000000000001,0.5,663.8530883789062
0.15000000000000002,1.1500000000000001,0.5,681.5831298828125
0.25,1.1500000000000001,0.5,700.107177734375
0.35000000000000003,1.1500000000000001,0.5,719.4805908203125
0.45,1.1500000000000001,0.5,739.7640991210938
0.55,1.1500000000000001,0.5,761.0244140625
0.6500000000000001,1.1500000000000001,0.5,783.3347778320312
0.7500000000000001,1.1500000000000001,0.5,806.7762451171875
0.8500000000000001,1.1500000000000001,0.5,831.4381103515625
0.9500000000000001,1.1500000000000001,0.5,857.4193115234375
1.05,1.1500000000000001,0.5,884.8296508789062
1.1500000000000001,1.1500000000000001,0.5,913.7910766601562
1.2500000000000002,1.1500000000000001,0.5,944.439453125
1.35,1.1500000000000001,0.5,976.926513671875
1.4500000000000002,1.1500000000000001,0.5,1011.422119140625
1.55,1.1500000000000001,0.5,1048.11669921875
1.6500000000000001,1.1500000000000001,0.5,1087.224609375
1.7500000000000002,1.1500000000000001,0.5,1128.9873046875
1.85,1.1500000000000001,0.5,1173.6778564453125
1.9500000000000002,1.1500000000000001,0.5,1221.60595703125
2.05,1.1500000000000001,0.5,1273.1236572265625
2.15,1.1500000000000001,0.5,1328.6328125
2.25,1.1500000000000001,0.5,1388.5928955078125
2.35,1.1500000000000001,0.5,1453.5318603515625
2.45,1.1500000000000001,0.5,1524.0582275390625
2.55,1.1500000000000001,0.5,1600.8756103515625
2.65,1.1500000000000001,0.5,1684.8017578125
2.75,1.1500000000000001,0.5,1776.790283203125
2.85,1.1500000000000001,0.5,1877.95849609375
2.95,1.1500000000000001,0.5,1989.621826171875
3.05,1.1500000000000001,0.5,2113.335693359375
3.15,1.1500000000000001,0.5,2250.9501953125
3.25,1.1500000000000001,0.5,2404.67626953125
3.35,1.1500000000000001,0.5,2577.171875
3.45,1.1500000000000001,0.5,2771.64990234375
3.55,1.1500000000000001,0.5,2992.0185546875
3.65,1.1500000000000001,0.5,3243.059814453125
3.75,1.1500000000000001,0.5,3530.66064453125
3.85,1.1500000000000001,0.5,3862.112548828125
3.95,1.1500000000000001,0.5,4246.498046875
4.05,1.1500000000000001,0.5,4695.18896484375
4.15,1.1500000000000001,0.5,5222.48193359375
4.25,1.1500000000000001,0.5,5846.39013671875
4.35,1.1500000000000001,0.5,6589.591796875
4.45,1.1500000000000001,0.5,7480.47265625
4.55,1.1500000000000001,0.5,8554.05078125
4.65,1.1500000000000001,0.5,9852.2548828125
4.75,1.1500000000000001,0.5,11422.3544921875
4.8500000000000005,1.1500000000000001,0.5,13311.134765625
4.95,1.1500000000000001,0.5,15550.4833984375
5.05,1.1500000000000001,0.5,18128.1875
5.15,1.1500000000000001,0.5,20939.462890625
5.25,1.1500000000000001,0.5,23728.76953125
5.3500000000000005,1.1500000000000001,0.5,26066.6171875
5.45,1.1500000000000001,0.5,27439.541015625
5.55,1.1500000000000001,0.5,27479.267578125
5.65,1.1500000000000001,0.5,26186.05078125
5.75,1.1500000000000001,0.5,23928.673828125
5.8500000000000005,1.1500000000000001,0.5,21221.12109375
5.95,1.1500000000000001,0.5,18493.43359375
6.05,1.1500000000000001,0.5,16001.7177734375
6.15,1.1500000000000001,0.5,13851.373046875
6.25,1.1500000000000001,0.5,12055.27734375
6.3500000000000005,1.1500000000000001,0.5,10582.2705078125
6.45,1.1500000000000001,0.5,9386.375
6.55,1.1500000000000001,0.5,8421.2275390625
6.65,1.1500000000000001,0.5,7645.923828125
6.75,1.1500000000000001,0.5,7026.6142578125
6.8500000000000005,1.1500000000000001,0.5,6536.25927734375
6.95,1.1500000000000001,0.5,6153.74072265625
7.05,1.1500000000000001,0.5,5862.87060546875
7.15,1.1500000000000001,0.5,5651.5009765625
7.25,1.1500000000000001,0.5,5510.80859375
7.3500000000000005,1.1500000000000001,0.5,5434.7548828125
7.45,1.1500000000000001,0.5,5419.71044921875
7.55,1.1500000000000001,0.5,5464.224609375
7.65,1.1500000000000001,0.5,5568.92578125
7.75,1.1500000000000001,0.5,5736.55078125
7.8500000000000005,1.1500000000000001,0.5,5972.10009765625
7.95,1.1500000000000001,0.5,6283.13427734375
8.05,1.1500000000000001,0.5,6680.22021484375
8.15,1.1500000000000001,0.5,7177.56103515625
8.250000000000002,1.1500000000000001,0.5,7793.8173828125
8.350000000000001,1.1500000000000001,0.5,8553.1162109375
8.450000000000001,1.1500000000000001,0.5,9486.177734375
8.55,1.1500000000000001,0.5,10631.3212890625
8.65,1.1500000000000001,0.5,12034.7412109375
8.750000000000002,1.1500000000000001,0.5,13748.7197265625
8.850000000000001,1.1500000000000001,0.5,15825.046875
8.950000000000001,1.1500000000000001,0.5,18298.791015625
9.05,1.1500000000000001,0.5,21155.431640625
9.15,1.1500000000000001,0.5,24276.30859375
9.250000000000002,1.1500000000000001,0.5,27373.17578125
9.350000000000001,1.1500000000000001,0.5,29962.083984375
9.450000000000001,1.1500000000000001,0.5,31464.59375
9.55,1.1500000000000001,0.5,31465.5703125
9.650000000000002,1.1500000000000001,0.5,29964.40625
9.750000000000002,1.1500000000000001,0.5,27375.037109375
9.850000000000001,1.1500000000000001,0.5,24274.7109375
9.950000000000001,1.1500000000000001,0.5,21146.2109375
10.05,1.1500000000000001,0.5,18276.65234375
10.150000000000002,1.1500000000000001,0.5,15783.5908203125
10.250000000000002,1.1500000000000001,0.5,13680.494140625
10.350000000000001,1.1500000000000001,0.5,11931.2822265625
10.450000000000001,1.1500000000000001,0.5,10483.1884765625
10.55,1.1500000000000001,0.5,9282.9814453125
10.650000000000002,1.1500000000000001,0.5,8283.53125
10.750000000000002,1.1500000000000001,0.5,7445.56494140625
10.850000000000001,1.1500000000000001,0.5,6737.3544921875
10.950000000000001,1.1500000000000001,0.5,6133.66748046875
11.05,1.1500000000000001,0.5,5614.58203125
11.150000000000002,1.1500000000000001,0.5,5164.40673828125
11.250000000000002,1.1500000000000001,0.5,4770.771484375
11.350000000000001,1.1500000000000001,0.5,4423.900390625
11.450000000000001,1.1500000000000001,0.5,4116.03515625
11.55,1.1500000000000001,0.5,3840.988037109375
11.650000000000002,1.1500000000000001,0.5,3593.79345703125
11.750000000000002,1.1500000000000001,0.5,3370.441162109375
11.850000000000001,1.1500000000000001,0.5,3167.66796875
11.950000000000001,1.1500000000000001,0.5,2982.797607421875
12.05,1.1500000000000001,0.5,2813.617919921875
12.150000000000002,1.1500000000000001,0.5,2658.283447265625
12.250000000000002,1.1500000000000001,0.5,2515.241943359375
12.350000000000001,1.1500000000000001,0.5,2383.1767578125
12.450000000000001,1.1500000000000001,0.5,2260.96142578125
12.55,1.1500000000000001,0.5,2147.624267578125
12.650000000000002,1.1500000000000001,0.5,2042.321533203125
12.750000000000002,1.1500000000000001,0.5,1944.314453125
12.850000000000001,1.1500000000000001,0.5,1852.952880859375
12.950000000000001,1.1500000000000001,0.5,1767.6611328125
13.05,1.1500000000000001,0.5,1687.9266357421875
13.150000000000002,1.1500000000000001,0.5,1613.2911376953125
13.250000000000002,1.1500000000000001,0.5,1543.34326171875
13.350000000000001,1.1500000000000001,0.5,1477.71240234375
13.450000000000001,1.1500000000000001,0.5,1416.063720703125
13.55,1.1500000000000001,0.5,1358.09375
13.650000000000002,1.1500000000000001,0.5,1303.526611328125
13.750000000000002,1.1500000000000001,0.5,1252.1114501953125
13.850000000000001,1.1500000000000001,0.5,1203.619140625
13.950000000000001,1.1500000000000001,0.5,1157.8406982421875
0.05,1.2500000000000002,0.5,668.602783203125
0.15000000000000002,1.2500000000000002,0.5,686.4848022460938
0.25,1.2500000000000002,0.5,705.1664428710938
0.35000000000000003,1.2500000000000002,0.5,724.7035522460938
0.45,1.2500000000000002,0.5,745.1571655273438
0.55,1.2500000000000002,0.5,766.5946044921875
0.6500000000000001,1.2500000000000002,0.5,789.0899047851562
0.7500000000000001,1.2500000000000002,0.5,812.7246704101562
0.8500000000000001,1.2500000000000002,0.5,837.589111328125
0.9500000000000001,1.2500000000000002,0.5,863.7833862304688
1.05,1.2500000000000002,0.5,891.4183349609375
1.1500000000000001,1.2500000000000002,0.5,920.617431640625
1.2500000000000002,1.2500000000000002,0.5,951.5184936523438
1.35,1.2500000000000002,0.5,984.2752685546875
1.4500000000000002,1.2500000000000002,0.5,1019.0601196289062
1.55,1.2500000000000002,0.5,1056.0665283203125
1.6500000000000001,1.2500000000000002,0.5,1095.5125732421875
1.7500000000000002,1.2500000000000002,0.5,1137.64404296875
1.85,1.2500000000000002,0.5,1182.739501953125
1.9500000000000002,1.2500000000000002,0.5,1231.1148681640625
2.05,1.2500000000000002,0.5,1283.130126953125
2.15,1.2500000000000002,0.5,1339.196533203125
2.25,1.2500000000000002,0.5,1399.7850341796875
2.35,1.2500000000000002,0.5,1465.43798828125
2.45,1.2500000000000002,0.5,1536.7811279296875
2.55,1.2500000000000002,0.5,1614.5396728515625
2.65,1.2500000000000002,0.5,1699.5582275390625
2.75,1.2500000000000002,0.5,1792.8238525390625
2.85,1.2500000000000002,0.5,1895.49609375
2.95,1.2500000000000002,0.5,2008.9434814453125
3.05,1.2500000000000002,0.5,2134.790283203125
3.15,1.2500000000000002,0.5,2274.9736328125
3.25,1.2500000000000002,0.5,2431.81884765625
3.35,1.2500000000000002,0.5,2608.132568359375
3.45,1.2500000000000002,0.5,2807.32568359375
3.55,1.2500000000000002,0.5,3033.569091796875
3.65,1.2500000000000002,0.5,3292.00048828125
3.75,1.2500000000000002,0.5,3588.99267578125
3.85,1.2500000000000002,0.5,3932.50732421875
3.95,1.2500000000000002,0.5,4332.564453125
4.05,1.2500000000000002,0.5,4801.86376953125
4.15,1.2500000000000002,0.5,5356.60302734375
4.25,1.2500000000000002,0.5,6017.55712890625
4.35,1.2500000000000002,0.5,6811.45361328125
4.45,1.2500000000000002,0.5,7772.67529296875
4.55,1.2500000000000002,0.5,8945.166015625
4.65,1.2500000000000002,0.5,10384.107421875
4.75,1.2500000000000002,0.5,12156.171875
4.8500000000000005,1.2500000000000002,0.5,14335.4560546875
4.95,1.2500000000000002,0.5,16989.076171875
5.05,1.2500000000000002,0.5,20141.6484375
5.15,1.2500000000000002,0.5,23705.39453125
5.25,1.2500000000000002,0.5,27377.166015625
5.3500000000000005,1.2500000000000002,0.5,30562.345703125
5.45,1.2500000000000002,0.5,32474.904296875
5.55,1.2500000000000002,0.5,32515.046875
5.65,1.2500000000000002,0.5,30683.037109375
5.75,1.2500000000000002,0.5,27579.1875
5.8500000000000005,1.2500000000000002,0.5,23990.0625
5.95,1.2500000000000002,0.5,20510.8359375
6.05,1.2500000000000002,0.5,17445.248046875
6.15,1.2500000000000002,0.5,14881.7021484375
6.25,1.2500000000000002,0.5,12796.267578125
6.3500000000000005,1.2500000000000002,0.5,11122.5791015625
6.45,1.2500000000000002,0.5,9787.3701171875
6.55,1.2500000000000002,0.5,8724.9072265625
6.65,1.2500000000000002,0.5,7881.06640625
6.75,1.2500000000000002,0.5,7213.11865234375
6.8500000000000005,1.2500000000000002,0.5,6688.08056640625
6.95,1.2500000000000002,0.5,6280.85107421875
7.05,1.2500000000000002,0.5,5972.56591796875
7.15,1.2500000000000002,0.5,5749.28076171875
7.25,1.2500000000000002,0.5,5600.9814453125
7.3500000000000005,1.2500000000000002,0.5,5520.869140625
7.45,1.2500000000000002,0.5,5504.87451171875
7.55,1.2500000000000002,0.5,5551.36767578125
7.65,1.2500000000000002,0.5,5661.0322265625
7.75,1.2500000000000002,0.5,5836.8984375
7.8500000000000005,1.2500000000000002,0.5,6084.5361328125
7.95,1.2500000000000002,0.5,6412.42236328125
8.05,1.2500000000000002,0.5,6832.51611328125
8.15,1.2500000000000002,0.5,7361.0849609375
8.250000000000002,1.2500000000000002,0.5,8019.83740234375
8.350000000000001,1.2500000000000002,0.5,8837.4150390625
8.450000000000001,1.2500000000000002,0.5,9851.2529296875
8.55,1.2500000000000002,0.5,11109.6826171875
8.65,1.2500000000000002,0.5,12673.7880859375
8.750000000000002,1.2500000000000002,0.5,14617.65625
8.850000000000001,1.2500000000000002,0.5,17023.779296875
8.950000000000001,1.2500000000000002,0.5,19966.833984375
9.05,1.2500000000000002,0.5,23473.6953125
9.15,1.2500000000000002,0.5,27444.806640625
9.250000000000002,1.2500000000000002,0.5,31538.310546875
9.350000000000001,1.2500000000000002,0.5,35084.453125
9.450000000000001,1.2500000000000002,0.5,37198.1171875
9.55,1.2500000000000002,0.5,37203.64453125
